iteration,individual_id,disperser_id,age,age_class,sex,health_status,origin_group_id,disperser_group_x,disperser_group_y,disperser_group_id
113,50,8,476,Yearling,female,Susceptible,2,324,285,51
113,45,9,476,Yearling,female,Susceptible,2,324,285,51
113,44,10,476,Yearling,female,Susceptible,2,324,285,51
113,41,11,476,Yearling,female,Susceptible,2,324,285,51
113,37,12,476,Yearling,female,Susceptible,2,324,285,51
113,36,13,476,Yearling,female,Susceptible,2,324,285,51
113,34,14,476,Yearling,female,Susceptible,2,324,285,51
113,25,15,476,Yearling,female,Susceptible,2,324,285,51
113,111,21,476,Yearling,female,Susceptible,5,185,285,52
113,110,22,476,Yearling,female,Susceptible,5,185,285,52
113,107,23,476,Yearling,female,Susceptible,5,185,285,52
113,103,24,476,Yearling,female,Susceptible,5,185,285,52
113,99,25,476,Yearling,female,Susceptible,5,185,285,52
113,167,33,476,Yearling,female,Susceptible,7,319,319,53
113,159,34,476,Yearling,female,Susceptible,7,319,319,53
113,152,35,476,Yearling,female,Susceptible,7,319,319,53
113,148,36,476,Yearling,female,Susceptible,7,319,319,53
113,146,37,476,Yearling,female,Susceptible,7,319,319,53
113,237,48,476,Yearling,female,Susceptible,10,141,254,54
113,229,49,476,Yearling,female,Susceptible,10,141,254,54
113,227,50,476,Yearling,female,Susceptible,10,141,254,54
113,139,26,476,Yearling,female,Susceptible,6,118,191,55
113,135,27,476,Yearling,female,Susceptible,6,118,191,55
113,131,28,476,Yearling,female,Susceptible,6,118,191,55
113,128,29,476,Yearling,female,Susceptible,6,118,191,55
113,125,30,476,Yearling,female,Susceptible,6,118,191,55
113,122,31,476,Yearling,female,Susceptible,6,118,191,55
113,121,32,476,Yearling,female,Susceptible,6,118,191,55
113,20,1,476,Yearling,female,Susceptible,1,384,548,56
113,19,2,476,Yearling,female,Susceptible,1,384,548,56
113,16,3,476,Yearling,female,Susceptible,1,384,548,56
113,14,4,476,Yearling,female,Susceptible,1,384,548,56
113,12,5,476,Yearling,female,Susceptible,1,384,548,56
113,10,6,476,Yearling,female,Susceptible,1,384,548,56
113,4,7,476,Yearling,female,Susceptible,1,384,548,56
113,185,38,476,Yearling,female,Susceptible,8,24,12,57
113,182,39,476,Yearling,female,Susceptible,8,24,12,57
113,177,40,476,Yearling,female,Susceptible,8,24,12,57
113,176,41,476,Yearling,female,Susceptible,8,24,12,57
113,223,42,476,Yearling,female,Susceptible,9,440,463,58
113,220,43,476,Yearling,female,Susceptible,9,440,463,58
113,215,44,476,Yearling,female,Susceptible,9,440,463,58
113,212,45,476,Yearling,female,Susceptible,9,440,463,58
113,203,46,476,Yearling,female,Susceptible,9,440,463,58
113,197,47,476,Yearling,female,Susceptible,9,440,463,58
113,81,16,476,Yearling,female,Susceptible,3,355,479,59
113,80,17,476,Yearling,female,Susceptible,3,355,479,59
113,74,18,476,Yearling,female,Susceptible,3,355,479,59
113,59,19,476,Yearling,female,Susceptible,3,355,479,59
113,55,20,476,Yearling,female,Susceptible,3,355,479,59
114,50,8,476,Yearling,female,Susceptible,2,325,285,51
114,45,9,476,Yearling,female,Susceptible,2,325,285,51
114,44,10,476,Yearling,female,Susceptible,2,325,285,51
114,41,11,476,Yearling,female,Susceptible,2,325,285,51
114,37,12,476,Yearling,female,Susceptible,2,325,285,51
114,36,13,476,Yearling,female,Susceptible,2,325,285,51
114,34,14,476,Yearling,female,Susceptible,2,325,285,51
114,25,15,476,Yearling,female,Susceptible,2,325,285,51
114,111,21,476,Yearling,female,Susceptible,5,187,283,52
114,110,22,476,Yearling,female,Susceptible,5,187,283,52
114,107,23,476,Yearling,female,Susceptible,5,187,283,52
114,103,24,476,Yearling,female,Susceptible,5,187,283,52
114,99,25,476,Yearling,female,Susceptible,5,187,283,52
114,167,33,476,Yearling,female,Susceptible,7,320,319,53
114,159,34,476,Yearling,female,Susceptible,7,320,319,53
114,152,35,476,Yearling,female,Susceptible,7,320,319,53
114,148,36,476,Yearling,female,Susceptible,7,320,319,53
114,146,37,476,Yearling,female,Susceptible,7,320,319,53
114,237,48,476,Yearling,female,Susceptible,10,146,248,54
114,229,49,476,Yearling,female,Susceptible,10,146,248,54
114,227,50,476,Yearling,female,Susceptible,10,146,248,54
114,139,26,476,Yearling,female,Susceptible,6,117,192,55
114,135,27,476,Yearling,female,Susceptible,6,117,192,55
114,131,28,476,Yearling,female,Susceptible,6,117,192,55
114,128,29,476,Yearling,female,Susceptible,6,117,192,55
114,125,30,476,Yearling,female,Susceptible,6,117,192,55
114,122,31,476,Yearling,female,Susceptible,6,117,192,55
114,121,32,476,Yearling,female,Susceptible,6,117,192,55
114,20,1,476,Yearling,female,Susceptible,1,385,544,56
114,19,2,476,Yearling,female,Susceptible,1,385,544,56
114,16,3,476,Yearling,female,Susceptible,1,385,544,56
114,14,4,476,Yearling,female,Susceptible,1,385,544,56
114,12,5,476,Yearling,female,Susceptible,1,385,544,56
114,10,6,476,Yearling,female,Susceptible,1,385,544,56
114,4,7,476,Yearling,female,Susceptible,1,385,544,56
114,185,38,476,Yearling,female,Susceptible,8,29,15,57
114,182,39,476,Yearling,female,Susceptible,8,29,15,57
114,177,40,476,Yearling,female,Susceptible,8,29,15,57
114,176,41,476,Yearling,female,Susceptible,8,29,15,57
114,223,42,476,Yearling,female,Susceptible,9,439,469,58
114,220,43,476,Yearling,female,Susceptible,9,439,469,58
114,215,44,476,Yearling,female,Susceptible,9,439,469,58
114,212,45,476,Yearling,female,Susceptible,9,439,469,58
114,203,46,476,Yearling,female,Susceptible,9,439,469,58
114,197,47,476,Yearling,female,Susceptible,9,439,469,58
114,81,16,476,Yearling,female,Susceptible,3,358,478,59
114,80,17,476,Yearling,female,Susceptible,3,358,478,59
114,74,18,476,Yearling,female,Susceptible,3,358,478,59
114,59,19,476,Yearling,female,Susceptible,3,358,478,59
114,55,20,476,Yearling,female,Susceptible,3,358,478,59
115,50,8,476,Yearling,female,Susceptible,2,323,285,51
115,45,9,476,Yearling,female,Susceptible,2,323,285,51
115,44,10,476,Yearling,female,Susceptible,2,323,285,51
115,41,11,476,Yearling,female,Susceptible,2,323,285,51
115,37,12,476,Yearling,female,Susceptible,2,323,285,51
115,36,13,476,Yearling,female,Susceptible,2,323,285,51
115,34,14,476,Yearling,female,Susceptible,2,323,285,51
115,25,15,476,Yearling,female,Susceptible,2,323,285,51
115,111,21,476,Yearling,female,Susceptible,5,190,285,52
115,110,22,476,Yearling,female,Susceptible,5,190,285,52
115,107,23,476,Yearling,female,Susceptible,5,190,285,52
115,103,24,476,Yearling,female,Susceptible,5,190,285,52
115,99,25,476,Yearling,female,Susceptible,5,190,285,52
115,167,33,476,Yearling,female,Susceptible,7,321,318,53
115,159,34,476,Yearling,female,Susceptible,7,321,318,53
115,152,35,476,Yearling,female,Susceptible,7,321,318,53
115,148,36,476,Yearling,female,Susceptible,7,321,318,53
115,146,37,476,Yearling,female,Susceptible,7,321,318,53
115,237,48,476,Yearling,female,Susceptible,10,145,241,54
115,229,49,476,Yearling,female,Susceptible,10,145,241,54
115,227,50,476,Yearling,female,Susceptible,10,145,241,54
115,139,26,476,Yearling,female,Susceptible,6,114,192,55
115,135,27,476,Yearling,female,Susceptible,6,114,192,55
115,131,28,476,Yearling,female,Susceptible,6,114,192,55
115,128,29,476,Yearling,female,Susceptible,6,114,192,55
115,125,30,476,Yearling,female,Susceptible,6,114,192,55
115,122,31,476,Yearling,female,Susceptible,6,114,192,55
115,121,32,476,Yearling,female,Susceptible,6,114,192,55
115,20,1,476,Yearling,female,Susceptible,1,388,541,56
115,19,2,476,Yearling,female,Susceptible,1,388,541,56
115,16,3,476,Yearling,female,Susceptible,1,388,541,56
115,14,4,476,Yearling,female,Susceptible,1,388,541,56
115,12,5,476,Yearling,female,Susceptible,1,388,541,56
115,10,6,476,Yearling,female,Susceptible,1,388,541,56
115,4,7,476,Yearling,female,Susceptible,1,388,541,56
115,185,38,476,Yearling,female,Susceptible,8,35,19,57
115,182,39,476,Yearling,female,Susceptible,8,35,19,57
115,177,40,476,Yearling,female,Susceptible,8,35,19,57
115,176,41,476,Yearling,female,Susceptible,8,35,19,57
115,223,42,476,Yearling,female,Susceptible,9,435,471,58
115,220,43,476,Yearling,female,Susceptible,9,435,471,58
115,215,44,476,Yearling,female,Susceptible,9,435,471,58
115,212,45,476,Yearling,female,Susceptible,9,435,471,58
115,203,46,476,Yearling,female,Susceptible,9,435,471,58
115,197,47,476,Yearling,female,Susceptible,9,435,471,58
115,81,16,476,Yearling,female,Susceptible,3,354,479,59
115,80,17,476,Yearling,female,Susceptible,3,354,479,59
115,74,18,476,Yearling,female,Susceptible,3,354,479,59
115,59,19,476,Yearling,female,Susceptible,3,354,479,59
115,55,20,476,Yearling,female,Susceptible,3,354,479,59
116,50,8,476,Yearling,female,Susceptible,2,327,291,51
116,45,9,476,Yearling,female,Susceptible,2,327,291,51
116,44,10,476,Yearling,female,Susceptible,2,327,291,51
116,41,11,476,Yearling,female,Susceptible,2,327,291,51
116,37,12,476,Yearling,female,Susceptible,2,327,291,51
116,36,13,476,Yearling,female,Susceptible,2,327,291,51
116,34,14,476,Yearling,female,Susceptible,2,327,291,51
116,25,15,476,Yearling,female,Susceptible,2,327,291,51
116,167,33,476,Yearling,female,Susceptible,7,318,321,53
116,159,34,476,Yearling,female,Susceptible,7,318,321,53
116,152,35,476,Yearling,female,Susceptible,7,318,321,53
116,148,36,476,Yearling,female,Susceptible,7,318,321,53
116,146,37,476,Yearling,female,Susceptible,7,318,321,53
116,237,48,476,Yearling,female,Susceptible,10,145,237,54
116,229,49,476,Yearling,female,Susceptible,10,145,237,54
116,227,50,476,Yearling,female,Susceptible,10,145,237,54
116,139,26,476,Yearling,female,Susceptible,6,119,191,55
116,135,27,476,Yearling,female,Susceptible,6,119,191,55
116,131,28,476,Yearling,female,Susceptible,6,119,191,55
116,128,29,476,Yearling,female,Susceptible,6,119,191,55
116,125,30,476,Yearling,female,Susceptible,6,119,191,55
116,122,31,476,Yearling,female,Susceptible,6,119,191,55
116,121,32,476,Yearling,female,Susceptible,6,119,191,55
116,20,1,476,Yearling,female,Susceptible,1,391,542,56
116,19,2,476,Yearling,female,Susceptible,1,391,542,56
116,16,3,476,Yearling,female,Susceptible,1,391,542,56
116,14,4,476,Yearling,female,Susceptible,1,391,542,56
116,12,5,476,Yearling,female,Susceptible,1,391,542,56
116,10,6,476,Yearling,female,Susceptible,1,391,542,56
116,4,7,476,Yearling,female,Susceptible,1,391,542,56
116,185,38,476,Yearling,female,Susceptible,8,35,21,57
116,182,39,476,Yearling,female,Susceptible,8,35,21,57
116,177,40,476,Yearling,female,Susceptible,8,35,21,57
116,176,41,476,Yearling,female,Susceptible,8,35,21,57
116,223,42,476,Yearling,female,Susceptible,9,436,475,58
116,220,43,476,Yearling,female,Susceptible,9,436,475,58
116,215,44,476,Yearling,female,Susceptible,9,436,475,58
116,212,45,476,Yearling,female,Susceptible,9,436,475,58
116,203,46,476,Yearling,female,Susceptible,9,436,475,58
116,197,47,476,Yearling,female,Susceptible,9,436,475,58
116,81,16,476,Yearling,female,Susceptible,3,348,480,59
116,80,17,476,Yearling,female,Susceptible,3,348,480,59
116,74,18,476,Yearling,female,Susceptible,3,348,480,59
116,59,19,476,Yearling,female,Susceptible,3,348,480,59
116,55,20,476,Yearling,female,Susceptible,3,348,480,59
117,50,8,476,Yearling,female,Susceptible,2,331,294,51
117,45,9,476,Yearling,female,Susceptible,2,331,294,51
117,44,10,476,Yearling,female,Susceptible,2,331,294,51
117,41,11,476,Yearling,female,Susceptible,2,331,294,51
117,37,12,476,Yearling,female,Susceptible,2,331,294,51
117,36,13,476,Yearling,female,Susceptible,2,331,294,51
117,34,14,476,Yearling,female,Susceptible,2,331,294,51
117,25,15,476,Yearling,female,Susceptible,2,331,294,51
117,167,33,476,Yearling,female,Susceptible,7,320,322,53
117,159,34,476,Yearling,female,Susceptible,7,320,322,53
117,152,35,476,Yearling,female,Susceptible,7,320,322,53
117,148,36,476,Yearling,female,Susceptible,7,320,322,53
117,146,37,476,Yearling,female,Susceptible,7,320,322,53
117,237,48,476,Yearling,female,Susceptible,10,144,237,54
117,229,49,476,Yearling,female,Susceptible,10,144,237,54
117,227,50,476,Yearling,female,Susceptible,10,144,237,54
117,139,26,476,Yearling,female,Susceptible,6,118,189,55
117,135,27,476,Yearling,female,Susceptible,6,118,189,55
117,131,28,476,Yearling,female,Susceptible,6,118,189,55
117,128,29,476,Yearling,female,Susceptible,6,118,189,55
117,125,30,476,Yearling,female,Susceptible,6,118,189,55
117,122,31,476,Yearling,female,Susceptible,6,118,189,55
117,121,32,476,Yearling,female,Susceptible,6,118,189,55
117,20,1,476,Yearling,female,Susceptible,1,392,539,56
117,19,2,476,Yearling,female,Susceptible,1,392,539,56
117,16,3,476,Yearling,female,Susceptible,1,392,539,56
117,14,4,476,Yearling,female,Susceptible,1,392,539,56
117,12,5,476,Yearling,female,Susceptible,1,392,539,56
117,10,6,476,Yearling,female,Susceptible,1,392,539,56
117,4,7,476,Yearling,female,Susceptible,1,392,539,56
117,185,38,476,Yearling,female,Susceptible,8,35,23,57
117,182,39,476,Yearling,female,Susceptible,8,35,23,57
117,177,40,476,Yearling,female,Susceptible,8,35,23,57
117,176,41,476,Yearling,female,Susceptible,8,35,23,57
117,223,42,476,Yearling,female,Susceptible,9,429,478,58
117,220,43,476,Yearling,female,Susceptible,9,429,478,58
117,215,44,476,Yearling,female,Susceptible,9,429,478,58
117,212,45,476,Yearling,female,Susceptible,9,429,478,58
117,203,46,476,Yearling,female,Susceptible,9,429,478,58
117,197,47,476,Yearling,female,Susceptible,9,429,478,58
118,50,8,476,Yearling,female,Susceptible,2,330,297,51
118,45,9,476,Yearling,female,Susceptible,2,330,297,51
118,44,10,476,Yearling,female,Susceptible,2,330,297,51
118,41,11,476,Yearling,female,Susceptible,2,330,297,51
118,37,12,476,Yearling,female,Susceptible,2,330,297,51
118,36,13,476,Yearling,female,Susceptible,2,330,297,51
118,34,14,476,Yearling,female,Susceptible,2,330,297,51
118,25,15,476,Yearling,female,Susceptible,2,330,297,51
118,167,33,476,Yearling,female,Susceptible,7,320,324,53
118,159,34,476,Yearling,female,Susceptible,7,320,324,53
118,152,35,476,Yearling,female,Susceptible,7,320,324,53
118,148,36,476,Yearling,female,Susceptible,7,320,324,53
118,146,37,476,Yearling,female,Susceptible,7,320,324,53
118,237,48,476,Yearling,female,Susceptible,10,145,229,54
118,229,49,476,Yearling,female,Susceptible,10,145,229,54
118,227,50,476,Yearling,female,Susceptible,10,145,229,54
118,139,26,476,Yearling,female,Susceptible,6,117,187,55
118,135,27,476,Yearling,female,Susceptible,6,117,187,55
118,131,28,476,Yearling,female,Susceptible,6,117,187,55
118,128,29,476,Yearling,female,Susceptible,6,117,187,55
118,125,30,476,Yearling,female,Susceptible,6,117,187,55
118,122,31,476,Yearling,female,Susceptible,6,117,187,55
118,121,32,476,Yearling,female,Susceptible,6,117,187,55
118,20,1,476,Yearling,female,Susceptible,1,393,532,56
118,19,2,476,Yearling,female,Susceptible,1,393,532,56
118,16,3,476,Yearling,female,Susceptible,1,393,532,56
118,14,4,476,Yearling,female,Susceptible,1,393,532,56
118,12,5,476,Yearling,female,Susceptible,1,393,532,56
118,10,6,476,Yearling,female,Susceptible,1,393,532,56
118,4,7,476,Yearling,female,Susceptible,1,393,532,56
118,185,38,476,Yearling,female,Susceptible,8,40,28,57
118,182,39,476,Yearling,female,Susceptible,8,40,28,57
118,177,40,476,Yearling,female,Susceptible,8,40,28,57
118,176,41,476,Yearling,female,Susceptible,8,40,28,57
118,223,42,476,Yearling,female,Susceptible,9,425,476,58
118,220,43,476,Yearling,female,Susceptible,9,425,476,58
118,215,44,476,Yearling,female,Susceptible,9,425,476,58
118,212,45,476,Yearling,female,Susceptible,9,425,476,58
118,203,46,476,Yearling,female,Susceptible,9,425,476,58
118,197,47,476,Yearling,female,Susceptible,9,425,476,58
119,50,8,476,Yearling,female,Susceptible,2,332,298,51
119,45,9,476,Yearling,female,Susceptible,2,332,298,51
119,44,10,476,Yearling,female,Susceptible,2,332,298,51
119,41,11,476,Yearling,female,Susceptible,2,332,298,51
119,37,12,476,Yearling,female,Susceptible,2,332,298,51
119,36,13,476,Yearling,female,Susceptible,2,332,298,51
119,34,14,476,Yearling,female,Susceptible,2,332,298,51
119,25,15,476,Yearling,female,Susceptible,2,332,298,51
119,167,33,476,Yearling,female,Susceptible,7,317,320,53
119,159,34,476,Yearling,female,Susceptible,7,317,320,53
119,152,35,476,Yearling,female,Susceptible,7,317,320,53
119,148,36,476,Yearling,female,Susceptible,7,317,320,53
119,146,37,476,Yearling,female,Susceptible,7,317,320,53
119,237,48,476,Yearling,female,Susceptible,10,145,223,54
119,229,49,476,Yearling,female,Susceptible,10,145,223,54
119,227,50,476,Yearling,female,Susceptible,10,145,223,54
119,20,1,476,Yearling,female,Susceptible,1,395,529,56
119,19,2,476,Yearling,female,Susceptible,1,395,529,56
119,16,3,476,Yearling,female,Susceptible,1,395,529,56
119,14,4,476,Yearling,female,Susceptible,1,395,529,56
119,12,5,476,Yearling,female,Susceptible,1,395,529,56
119,10,6,476,Yearling,female,Susceptible,1,395,529,56
119,4,7,476,Yearling,female,Susceptible,1,395,529,56
119,185,38,476,Yearling,female,Susceptible,8,40,29,57
119,182,39,476,Yearling,female,Susceptible,8,40,29,57
119,177,40,476,Yearling,female,Susceptible,8,40,29,57
119,176,41,476,Yearling,female,Susceptible,8,40,29,57
119,223,42,476,Yearling,female,Susceptible,9,421,483,58
119,220,43,476,Yearling,female,Susceptible,9,421,483,58
119,215,44,476,Yearling,female,Susceptible,9,421,483,58
119,212,45,476,Yearling,female,Susceptible,9,421,483,58
119,203,46,476,Yearling,female,Susceptible,9,421,483,58
119,197,47,476,Yearling,female,Susceptible,9,421,483,58
120,50,8,476,Yearling,female,Susceptible,2,335,303,51
120,45,9,476,Yearling,female,Susceptible,2,335,303,51
120,44,10,476,Yearling,female,Susceptible,2,335,303,51
120,41,11,476,Yearling,female,Susceptible,2,335,303,51
120,37,12,476,Yearling,female,Susceptible,2,335,303,51
120,36,13,476,Yearling,female,Susceptible,2,335,303,51
120,34,14,476,Yearling,female,Susceptible,2,335,303,51
120,25,15,476,Yearling,female,Susceptible,2,335,303,51
120,167,33,476,Yearling,female,Susceptible,7,312,313,53
120,159,34,476,Yearling,female,Susceptible,7,312,313,53
120,152,35,476,Yearling,female,Susceptible,7,312,313,53
120,148,36,476,Yearling,female,Susceptible,7,312,313,53
120,146,37,476,Yearling,female,Susceptible,7,312,313,53
120,237,48,476,Yearling,female,Susceptible,10,145,219,54
120,229,49,476,Yearling,female,Susceptible,10,145,219,54
120,227,50,476,Yearling,female,Susceptible,10,145,219,54
120,20,1,476,Yearling,female,Susceptible,1,399,524,56
120,19,2,476,Yearling,female,Susceptible,1,399,524,56
120,16,3,476,Yearling,female,Susceptible,1,399,524,56
120,14,4,476,Yearling,female,Susceptible,1,399,524,56
120,12,5,476,Yearling,female,Susceptible,1,399,524,56
120,10,6,476,Yearling,female,Susceptible,1,399,524,56
120,4,7,476,Yearling,female,Susceptible,1,399,524,56
120,185,38,476,Yearling,female,Susceptible,8,45,30,57
120,182,39,476,Yearling,female,Susceptible,8,45,30,57
120,177,40,476,Yearling,female,Susceptible,8,45,30,57
120,176,41,476,Yearling,female,Susceptible,8,45,30,57
120,223,42,476,Yearling,female,Susceptible,9,417,485,58
120,220,43,476,Yearling,female,Susceptible,9,417,485,58
120,215,44,476,Yearling,female,Susceptible,9,417,485,58
120,212,45,476,Yearling,female,Susceptible,9,417,485,58
120,203,46,476,Yearling,female,Susceptible,9,417,485,58
120,197,47,476,Yearling,female,Susceptible,9,417,485,58
121,50,8,476,Yearling,female,Susceptible,2,337,304,51
121,45,9,476,Yearling,female,Susceptible,2,337,304,51
121,44,10,476,Yearling,female,Susceptible,2,337,304,51
121,41,11,476,Yearling,female,Susceptible,2,337,304,51
121,37,12,476,Yearling,female,Susceptible,2,337,304,51
121,36,13,476,Yearling,female,Susceptible,2,337,304,51
121,34,14,476,Yearling,female,Susceptible,2,337,304,51
121,25,15,476,Yearling,female,Susceptible,2,337,304,51
121,167,33,476,Yearling,female,Susceptible,7,310,311,53
121,159,34,476,Yearling,female,Susceptible,7,310,311,53
121,152,35,476,Yearling,female,Susceptible,7,310,311,53
121,148,36,476,Yearling,female,Susceptible,7,310,311,53
121,146,37,476,Yearling,female,Susceptible,7,310,311,53
121,237,48,476,Yearling,female,Susceptible,10,146,218,54
121,229,49,476,Yearling,female,Susceptible,10,146,218,54
121,227,50,476,Yearling,female,Susceptible,10,146,218,54
121,20,1,476,Yearling,female,Susceptible,1,402,520,56
121,19,2,476,Yearling,female,Susceptible,1,402,520,56
121,16,3,476,Yearling,female,Susceptible,1,402,520,56
121,14,4,476,Yearling,female,Susceptible,1,402,520,56
121,12,5,476,Yearling,female,Susceptible,1,402,520,56
121,10,6,476,Yearling,female,Susceptible,1,402,520,56
121,4,7,476,Yearling,female,Susceptible,1,402,520,56
121,185,38,476,Yearling,female,Susceptible,8,48,33,57
121,182,39,476,Yearling,female,Susceptible,8,48,33,57
121,177,40,476,Yearling,female,Susceptible,8,48,33,57
121,176,41,476,Yearling,female,Susceptible,8,48,33,57
121,223,42,476,Yearling,female,Susceptible,9,416,488,58
121,220,43,476,Yearling,female,Susceptible,9,416,488,58
121,215,44,476,Yearling,female,Susceptible,9,416,488,58
121,212,45,476,Yearling,female,Susceptible,9,416,488,58
121,203,46,476,Yearling,female,Susceptible,9,416,488,58
121,197,47,476,Yearling,female,Susceptible,9,416,488,58
122,50,8,476,Yearling,female,Susceptible,2,344,307,51
122,45,9,476,Yearling,female,Susceptible,2,344,307,51
122,44,10,476,Yearling,female,Susceptible,2,344,307,51
122,41,11,476,Yearling,female,Susceptible,2,344,307,51
122,37,12,476,Yearling,female,Susceptible,2,344,307,51
122,36,13,476,Yearling,female,Susceptible,2,344,307,51
122,34,14,476,Yearling,female,Susceptible,2,344,307,51
122,25,15,476,Yearling,female,Susceptible,2,344,307,51
122,167,33,476,Yearling,female,Susceptible,7,309,307,53
122,159,34,476,Yearling,female,Susceptible,7,309,307,53
122,152,35,476,Yearling,female,Susceptible,7,309,307,53
122,148,36,476,Yearling,female,Susceptible,7,309,307,53
122,146,37,476,Yearling,female,Susceptible,7,309,307,53
122,237,48,476,Yearling,female,Susceptible,10,144,213,54
122,229,49,476,Yearling,female,Susceptible,10,144,213,54
122,227,50,476,Yearling,female,Susceptible,10,144,213,54
122,20,1,476,Yearling,female,Susceptible,1,407,515,56
122,19,2,476,Yearling,female,Susceptible,1,407,515,56
122,16,3,476,Yearling,female,Susceptible,1,407,515,56
122,14,4,476,Yearling,female,Susceptible,1,407,515,56
122,12,5,476,Yearling,female,Susceptible,1,407,515,56
122,10,6,476,Yearling,female,Susceptible,1,407,515,56
122,4,7,476,Yearling,female,Susceptible,1,407,515,56
122,185,38,476,Yearling,female,Susceptible,8,50,37,57
122,182,39,476,Yearling,female,Susceptible,8,50,37,57
122,177,40,476,Yearling,female,Susceptible,8,50,37,57
122,176,41,476,Yearling,female,Susceptible,8,50,37,57
122,223,42,476,Yearling,female,Susceptible,9,414,489,58
122,220,43,476,Yearling,female,Susceptible,9,414,489,58
122,215,44,476,Yearling,female,Susceptible,9,414,489,58
122,212,45,476,Yearling,female,Susceptible,9,414,489,58
122,203,46,476,Yearling,female,Susceptible,9,414,489,58
122,197,47,476,Yearling,female,Susceptible,9,414,489,58
123,50,8,476,Yearling,female,Susceptible,2,344,305,51
123,45,9,476,Yearling,female,Susceptible,2,344,305,51
123,44,10,476,Yearling,female,Susceptible,2,344,305,51
123,41,11,476,Yearling,female,Susceptible,2,344,305,51
123,37,12,476,Yearling,female,Susceptible,2,344,305,51
123,36,13,476,Yearling,female,Susceptible,2,344,305,51
123,34,14,476,Yearling,female,Susceptible,2,344,305,51
123,25,15,476,Yearling,female,Susceptible,2,344,305,51
123,167,33,476,Yearling,female,Susceptible,7,307,307,53
123,159,34,476,Yearling,female,Susceptible,7,307,307,53
123,152,35,476,Yearling,female,Susceptible,7,307,307,53
123,148,36,476,Yearling,female,Susceptible,7,307,307,53
123,146,37,476,Yearling,female,Susceptible,7,307,307,53
123,237,48,476,Yearling,female,Susceptible,10,145,214,54
123,229,49,476,Yearling,female,Susceptible,10,145,214,54
123,227,50,476,Yearling,female,Susceptible,10,145,214,54
123,20,1,476,Yearling,female,Susceptible,1,403,514,56
123,19,2,476,Yearling,female,Susceptible,1,403,514,56
123,16,3,476,Yearling,female,Susceptible,1,403,514,56
123,14,4,476,Yearling,female,Susceptible,1,403,514,56
123,12,5,476,Yearling,female,Susceptible,1,403,514,56
123,10,6,476,Yearling,female,Susceptible,1,403,514,56
123,4,7,476,Yearling,female,Susceptible,1,403,514,56
123,185,38,476,Yearling,female,Susceptible,8,56,40,57
123,182,39,476,Yearling,female,Susceptible,8,56,40,57
123,177,40,476,Yearling,female,Susceptible,8,56,40,57
123,176,41,476,Yearling,female,Susceptible,8,56,40,57
123,223,42,476,Yearling,female,Susceptible,9,408,495,58
123,220,43,476,Yearling,female,Susceptible,9,408,495,58
123,215,44,476,Yearling,female,Susceptible,9,408,495,58
123,212,45,476,Yearling,female,Susceptible,9,408,495,58
123,203,46,476,Yearling,female,Susceptible,9,408,495,58
123,197,47,476,Yearling,female,Susceptible,9,408,495,58
124,50,8,476,Yearling,female,Susceptible,2,349,312,51
124,45,9,476,Yearling,female,Susceptible,2,349,312,51
124,44,10,476,Yearling,female,Susceptible,2,349,312,51
124,41,11,476,Yearling,female,Susceptible,2,349,312,51
124,37,12,476,Yearling,female,Susceptible,2,349,312,51
124,36,13,476,Yearling,female,Susceptible,2,349,312,51
124,34,14,476,Yearling,female,Susceptible,2,349,312,51
124,25,15,476,Yearling,female,Susceptible,2,349,312,51
124,167,33,476,Yearling,female,Susceptible,7,306,303,53
124,159,34,476,Yearling,female,Susceptible,7,306,303,53
124,152,35,476,Yearling,female,Susceptible,7,306,303,53
124,148,36,476,Yearling,female,Susceptible,7,306,303,53
124,146,37,476,Yearling,female,Susceptible,7,306,303,53
124,237,48,476,Yearling,female,Susceptible,10,146,214,54
124,229,49,476,Yearling,female,Susceptible,10,146,214,54
124,227,50,476,Yearling,female,Susceptible,10,146,214,54
124,20,1,476,Yearling,female,Susceptible,1,402,508,56
124,19,2,476,Yearling,female,Susceptible,1,402,508,56
124,16,3,476,Yearling,female,Susceptible,1,402,508,56
124,14,4,476,Yearling,female,Susceptible,1,402,508,56
124,12,5,476,Yearling,female,Susceptible,1,402,508,56
124,10,6,476,Yearling,female,Susceptible,1,402,508,56
124,4,7,476,Yearling,female,Susceptible,1,402,508,56
124,185,38,476,Yearling,female,Susceptible,8,57,44,57
124,182,39,476,Yearling,female,Susceptible,8,57,44,57
124,177,40,476,Yearling,female,Susceptible,8,57,44,57
124,176,41,476,Yearling,female,Susceptible,8,57,44,57
124,223,42,476,Yearling,female,Susceptible,9,403,498,58
124,220,43,476,Yearling,female,Susceptible,9,403,498,58
124,215,44,476,Yearling,female,Susceptible,9,403,498,58
124,212,45,476,Yearling,female,Susceptible,9,403,498,58
124,203,46,476,Yearling,female,Susceptible,9,403,498,58
124,197,47,476,Yearling,female,Susceptible,9,403,498,58
125,50,8,476,Yearling,female,Susceptible,2,349,316,51
125,45,9,476,Yearling,female,Susceptible,2,349,316,51
125,44,10,476,Yearling,female,Susceptible,2,349,316,51
125,41,11,476,Yearling,female,Susceptible,2,349,316,51
125,37,12,476,Yearling,female,Susceptible,2,349,316,51
125,36,13,476,Yearling,female,Susceptible,2,349,316,51
125,34,14,476,Yearling,female,Susceptible,2,349,316,51
125,25,15,476,Yearling,female,Susceptible,2,349,316,51
125,167,33,476,Yearling,female,Susceptible,7,302,299,53
125,159,34,476,Yearling,female,Susceptible,7,302,299,53
125,152,35,476,Yearling,female,Susceptible,7,302,299,53
125,148,36,476,Yearling,female,Susceptible,7,302,299,53
125,146,37,476,Yearling,female,Susceptible,7,302,299,53
125,237,48,476,Yearling,female,Susceptible,10,147,209,54
125,229,49,476,Yearling,female,Susceptible,10,147,209,54
125,227,50,476,Yearling,female,Susceptible,10,147,209,54
125,20,1,476,Yearling,female,Susceptible,1,404,506,56
125,19,2,476,Yearling,female,Susceptible,1,404,506,56
125,16,3,476,Yearling,female,Susceptible,1,404,506,56
125,14,4,476,Yearling,female,Susceptible,1,404,506,56
125,12,5,476,Yearling,female,Susceptible,1,404,506,56
125,10,6,476,Yearling,female,Susceptible,1,404,506,56
125,4,7,476,Yearling,female,Susceptible,1,404,506,56
125,185,38,476,Yearling,female,Susceptible,8,55,45,57
125,182,39,476,Yearling,female,Susceptible,8,55,45,57
125,177,40,476,Yearling,female,Susceptible,8,55,45,57
125,176,41,476,Yearling,female,Susceptible,8,55,45,57
125,223,42,476,Yearling,female,Susceptible,9,400,500,58
125,220,43,476,Yearling,female,Susceptible,9,400,500,58
125,215,44,476,Yearling,female,Susceptible,9,400,500,58
125,212,45,476,Yearling,female,Susceptible,9,400,500,58
125,203,46,476,Yearling,female,Susceptible,9,400,500,58
125,197,47,476,Yearling,female,Susceptible,9,400,500,58
126,50,8,476,Yearling,female,Susceptible,2,352,317,51
126,45,9,476,Yearling,female,Susceptible,2,352,317,51
126,44,10,476,Yearling,female,Susceptible,2,352,317,51
126,41,11,476,Yearling,female,Susceptible,2,352,317,51
126,37,12,476,Yearling,female,Susceptible,2,352,317,51
126,36,13,476,Yearling,female,Susceptible,2,352,317,51
126,34,14,476,Yearling,female,Susceptible,2,352,317,51
126,25,15,476,Yearling,female,Susceptible,2,352,317,51
126,167,33,476,Yearling,female,Susceptible,7,297,298,53
126,159,34,476,Yearling,female,Susceptible,7,297,298,53
126,152,35,476,Yearling,female,Susceptible,7,297,298,53
126,148,36,476,Yearling,female,Susceptible,7,297,298,53
126,146,37,476,Yearling,female,Susceptible,7,297,298,53
126,237,48,476,Yearling,female,Susceptible,10,148,204,54
126,229,49,476,Yearling,female,Susceptible,10,148,204,54
126,227,50,476,Yearling,female,Susceptible,10,148,204,54
126,20,1,476,Yearling,female,Susceptible,1,410,498,56
126,19,2,476,Yearling,female,Susceptible,1,410,498,56
126,16,3,476,Yearling,female,Susceptible,1,410,498,56
126,14,4,476,Yearling,female,Susceptible,1,410,498,56
126,12,5,476,Yearling,female,Susceptible,1,410,498,56
126,10,6,476,Yearling,female,Susceptible,1,410,498,56
126,4,7,476,Yearling,female,Susceptible,1,410,498,56
126,185,38,476,Yearling,female,Susceptible,8,53,43,57
126,182,39,476,Yearling,female,Susceptible,8,53,43,57
126,177,40,476,Yearling,female,Susceptible,8,53,43,57
126,176,41,476,Yearling,female,Susceptible,8,53,43,57
126,223,42,476,Yearling,female,Susceptible,9,398,499,58
126,220,43,476,Yearling,female,Susceptible,9,398,499,58
126,215,44,476,Yearling,female,Susceptible,9,398,499,58
126,212,45,476,Yearling,female,Susceptible,9,398,499,58
126,203,46,476,Yearling,female,Susceptible,9,398,499,58
126,197,47,476,Yearling,female,Susceptible,9,398,499,58
127,50,8,476,Yearling,female,Susceptible,2,353,316,51
127,45,9,476,Yearling,female,Susceptible,2,353,316,51
127,44,10,476,Yearling,female,Susceptible,2,353,316,51
127,41,11,476,Yearling,female,Susceptible,2,353,316,51
127,37,12,476,Yearling,female,Susceptible,2,353,316,51
127,36,13,476,Yearling,female,Susceptible,2,353,316,51
127,34,14,476,Yearling,female,Susceptible,2,353,316,51
127,25,15,476,Yearling,female,Susceptible,2,353,316,51
127,167,33,476,Yearling,female,Susceptible,7,295,297,53
127,159,34,476,Yearling,female,Susceptible,7,295,297,53
127,152,35,476,Yearling,female,Susceptible,7,295,297,53
127,148,36,476,Yearling,female,Susceptible,7,295,297,53
127,146,37,476,Yearling,female,Susceptible,7,295,297,53
127,237,48,476,Yearling,female,Susceptible,10,145,204,54
127,229,49,476,Yearling,female,Susceptible,10,145,204,54
127,227,50,476,Yearling,female,Susceptible,10,145,204,54
127,20,1,476,Yearling,female,Susceptible,1,414,496,56
127,19,2,476,Yearling,female,Susceptible,1,414,496,56
127,16,3,476,Yearling,female,Susceptible,1,414,496,56
127,14,4,476,Yearling,female,Susceptible,1,414,496,56
127,12,5,476,Yearling,female,Susceptible,1,414,496,56
127,10,6,476,Yearling,female,Susceptible,1,414,496,56
127,4,7,476,Yearling,female,Susceptible,1,414,496,56
127,185,38,476,Yearling,female,Susceptible,8,57,46,57
127,182,39,476,Yearling,female,Susceptible,8,57,46,57
127,177,40,476,Yearling,female,Susceptible,8,57,46,57
127,176,41,476,Yearling,female,Susceptible,8,57,46,57
127,223,42,476,Yearling,female,Susceptible,9,396,499,58
127,220,43,476,Yearling,female,Susceptible,9,396,499,58
127,215,44,476,Yearling,female,Susceptible,9,396,499,58
127,212,45,476,Yearling,female,Susceptible,9,396,499,58
127,203,46,476,Yearling,female,Susceptible,9,396,499,58
127,197,47,476,Yearling,female,Susceptible,9,396,499,58
128,50,8,476,Yearling,female,Susceptible,2,355,319,51
128,45,9,476,Yearling,female,Susceptible,2,355,319,51
128,44,10,476,Yearling,female,Susceptible,2,355,319,51
128,41,11,476,Yearling,female,Susceptible,2,355,319,51
128,37,12,476,Yearling,female,Susceptible,2,355,319,51
128,36,13,476,Yearling,female,Susceptible,2,355,319,51
128,34,14,476,Yearling,female,Susceptible,2,355,319,51
128,25,15,476,Yearling,female,Susceptible,2,355,319,51
128,167,33,476,Yearling,female,Susceptible,7,292,299,53
128,159,34,476,Yearling,female,Susceptible,7,292,299,53
128,152,35,476,Yearling,female,Susceptible,7,292,299,53
128,148,36,476,Yearling,female,Susceptible,7,292,299,53
128,146,37,476,Yearling,female,Susceptible,7,292,299,53
128,237,48,476,Yearling,female,Susceptible,10,145,202,54
128,229,49,476,Yearling,female,Susceptible,10,145,202,54
128,227,50,476,Yearling,female,Susceptible,10,145,202,54
128,20,1,476,Yearling,female,Susceptible,1,417,494,56
128,19,2,476,Yearling,female,Susceptible,1,417,494,56
128,16,3,476,Yearling,female,Susceptible,1,417,494,56
128,14,4,476,Yearling,female,Susceptible,1,417,494,56
128,12,5,476,Yearling,female,Susceptible,1,417,494,56
128,10,6,476,Yearling,female,Susceptible,1,417,494,56
128,4,7,476,Yearling,female,Susceptible,1,417,494,56
128,185,38,476,Yearling,female,Susceptible,8,60,51,57
128,182,39,476,Yearling,female,Susceptible,8,60,51,57
128,177,40,476,Yearling,female,Susceptible,8,60,51,57
128,176,41,476,Yearling,female,Susceptible,8,60,51,57
128,223,42,476,Yearling,female,Susceptible,9,394,500,58
128,220,43,476,Yearling,female,Susceptible,9,394,500,58
128,215,44,476,Yearling,female,Susceptible,9,394,500,58
128,212,45,476,Yearling,female,Susceptible,9,394,500,58
128,203,46,476,Yearling,female,Susceptible,9,394,500,58
128,197,47,476,Yearling,female,Susceptible,9,394,500,58
129,50,8,476,Yearling,female,Susceptible,2,358,317,51
129,45,9,476,Yearling,female,Susceptible,2,358,317,51
129,44,10,476,Yearling,female,Susceptible,2,358,317,51
129,41,11,476,Yearling,female,Susceptible,2,358,317,51
129,37,12,476,Yearling,female,Susceptible,2,358,317,51
129,36,13,476,Yearling,female,Susceptible,2,358,317,51
129,34,14,476,Yearling,female,Susceptible,2,358,317,51
129,25,15,476,Yearling,female,Susceptible,2,358,317,51
129,167,33,476,Yearling,female,Susceptible,7,296,294,53
129,159,34,476,Yearling,female,Susceptible,7,296,294,53
129,152,35,476,Yearling,female,Susceptible,7,296,294,53
129,148,36,476,Yearling,female,Susceptible,7,296,294,53
129,146,37,476,Yearling,female,Susceptible,7,296,294,53
129,237,48,476,Yearling,female,Susceptible,10,144,200,54
129,229,49,476,Yearling,female,Susceptible,10,144,200,54
129,227,50,476,Yearling,female,Susceptible,10,144,200,54
129,20,1,476,Yearling,female,Susceptible,1,419,493,56
129,19,2,476,Yearling,female,Susceptible,1,419,493,56
129,16,3,476,Yearling,female,Susceptible,1,419,493,56
129,14,4,476,Yearling,female,Susceptible,1,419,493,56
129,12,5,476,Yearling,female,Susceptible,1,419,493,56
129,10,6,476,Yearling,female,Susceptible,1,419,493,56
129,4,7,476,Yearling,female,Susceptible,1,419,493,56
129,185,38,476,Yearling,female,Susceptible,8,66,52,57
129,182,39,476,Yearling,female,Susceptible,8,66,52,57
129,177,40,476,Yearling,female,Susceptible,8,66,52,57
129,176,41,476,Yearling,female,Susceptible,8,66,52,57
129,223,42,476,Yearling,female,Susceptible,9,392,499,58
129,220,43,476,Yearling,female,Susceptible,9,392,499,58
129,215,44,476,Yearling,female,Susceptible,9,392,499,58
129,212,45,476,Yearling,female,Susceptible,9,392,499,58
129,203,46,476,Yearling,female,Susceptible,9,392,499,58
129,197,47,476,Yearling,female,Susceptible,9,392,499,58
130,50,8,476,Yearling,female,Susceptible,2,362,321,51
130,45,9,476,Yearling,female,Susceptible,2,362,321,51
130,44,10,476,Yearling,female,Susceptible,2,362,321,51
130,41,11,476,Yearling,female,Susceptible,2,362,321,51
130,37,12,476,Yearling,female,Susceptible,2,362,321,51
130,36,13,476,Yearling,female,Susceptible,2,362,321,51
130,34,14,476,Yearling,female,Susceptible,2,362,321,51
130,25,15,476,Yearling,female,Susceptible,2,362,321,51
130,167,33,476,Yearling,female,Susceptible,7,295,292,53
130,159,34,476,Yearling,female,Susceptible,7,295,292,53
130,152,35,476,Yearling,female,Susceptible,7,295,292,53
130,148,36,476,Yearling,female,Susceptible,7,295,292,53
130,146,37,476,Yearling,female,Susceptible,7,295,292,53
130,237,48,476,Yearling,female,Susceptible,10,147,196,54
130,229,49,476,Yearling,female,Susceptible,10,147,196,54
130,227,50,476,Yearling,female,Susceptible,10,147,196,54
130,20,1,476,Yearling,female,Susceptible,1,421,492,56
130,19,2,476,Yearling,female,Susceptible,1,421,492,56
130,16,3,476,Yearling,female,Susceptible,1,421,492,56
130,14,4,476,Yearling,female,Susceptible,1,421,492,56
130,12,5,476,Yearling,female,Susceptible,1,421,492,56
130,10,6,476,Yearling,female,Susceptible,1,421,492,56
130,4,7,476,Yearling,female,Susceptible,1,421,492,56
130,185,38,476,Yearling,female,Susceptible,8,73,54,57
130,182,39,476,Yearling,female,Susceptible,8,73,54,57
130,177,40,476,Yearling,female,Susceptible,8,73,54,57
130,176,41,476,Yearling,female,Susceptible,8,73,54,57
130,223,42,476,Yearling,female,Susceptible,9,388,500,58
130,220,43,476,Yearling,female,Susceptible,9,388,500,58
130,215,44,476,Yearling,female,Susceptible,9,388,500,58
130,212,45,476,Yearling,female,Susceptible,9,388,500,58
130,203,46,476,Yearling,female,Susceptible,9,388,500,58
130,197,47,476,Yearling,female,Susceptible,9,388,500,58
131,50,8,476,Yearling,female,Susceptible,2,365,325,51
131,45,9,476,Yearling,female,Susceptible,2,365,325,51
131,44,10,476,Yearling,female,Susceptible,2,365,325,51
131,41,11,476,Yearling,female,Susceptible,2,365,325,51
131,37,12,476,Yearling,female,Susceptible,2,365,325,51
131,36,13,476,Yearling,female,Susceptible,2,365,325,51
131,34,14,476,Yearling,female,Susceptible,2,365,325,51
131,25,15,476,Yearling,female,Susceptible,2,365,325,51
131,167,33,476,Yearling,female,Susceptible,7,294,288,53
131,159,34,476,Yearling,female,Susceptible,7,294,288,53
131,152,35,476,Yearling,female,Susceptible,7,294,288,53
131,148,36,476,Yearling,female,Susceptible,7,294,288,53
131,146,37,476,Yearling,female,Susceptible,7,294,288,53
131,237,48,476,Yearling,female,Susceptible,10,143,192,54
131,229,49,476,Yearling,female,Susceptible,10,143,192,54
131,227,50,476,Yearling,female,Susceptible,10,143,192,54
131,20,1,476,Yearling,female,Susceptible,1,424,491,56
131,19,2,476,Yearling,female,Susceptible,1,424,491,56
131,16,3,476,Yearling,female,Susceptible,1,424,491,56
131,14,4,476,Yearling,female,Susceptible,1,424,491,56
131,12,5,476,Yearling,female,Susceptible,1,424,491,56
131,10,6,476,Yearling,female,Susceptible,1,424,491,56
131,4,7,476,Yearling,female,Susceptible,1,424,491,56
131,185,38,476,Yearling,female,Susceptible,8,76,53,57
131,182,39,476,Yearling,female,Susceptible,8,76,53,57
131,177,40,476,Yearling,female,Susceptible,8,76,53,57
131,176,41,476,Yearling,female,Susceptible,8,76,53,57
131,223,42,476,Yearling,female,Susceptible,9,382,501,58
131,220,43,476,Yearling,female,Susceptible,9,382,501,58
131,215,44,476,Yearling,female,Susceptible,9,382,501,58
131,212,45,476,Yearling,female,Susceptible,9,382,501,58
131,203,46,476,Yearling,female,Susceptible,9,382,501,58
131,197,47,476,Yearling,female,Susceptible,9,382,501,58
132,50,8,476,Yearling,female,Susceptible,2,371,330,51
132,45,9,476,Yearling,female,Susceptible,2,371,330,51
132,44,10,476,Yearling,female,Susceptible,2,371,330,51
132,41,11,476,Yearling,female,Susceptible,2,371,330,51
132,37,12,476,Yearling,female,Susceptible,2,371,330,51
132,36,13,476,Yearling,female,Susceptible,2,371,330,51
132,34,14,476,Yearling,female,Susceptible,2,371,330,51
132,25,15,476,Yearling,female,Susceptible,2,371,330,51
132,167,33,476,Yearling,female,Susceptible,7,293,287,53
132,159,34,476,Yearling,female,Susceptible,7,293,287,53
132,152,35,476,Yearling,female,Susceptible,7,293,287,53
132,148,36,476,Yearling,female,Susceptible,7,293,287,53
132,146,37,476,Yearling,female,Susceptible,7,293,287,53
132,237,48,476,Yearling,female,Susceptible,10,142,193,54
132,229,49,476,Yearling,female,Susceptible,10,142,193,54
132,227,50,476,Yearling,female,Susceptible,10,142,193,54
132,20,1,476,Yearling,female,Susceptible,1,424,486,56
132,19,2,476,Yearling,female,Susceptible,1,424,486,56
132,16,3,476,Yearling,female,Susceptible,1,424,486,56
132,14,4,476,Yearling,female,Susceptible,1,424,486,56
132,12,5,476,Yearling,female,Susceptible,1,424,486,56
132,10,6,476,Yearling,female,Susceptible,1,424,486,56
132,4,7,476,Yearling,female,Susceptible,1,424,486,56
132,185,38,476,Yearling,female,Susceptible,8,78,53,57
132,182,39,476,Yearling,female,Susceptible,8,78,53,57
132,177,40,476,Yearling,female,Susceptible,8,78,53,57
132,176,41,476,Yearling,female,Susceptible,8,78,53,57
132,223,42,476,Yearling,female,Susceptible,9,381,502,58
132,220,43,476,Yearling,female,Susceptible,9,381,502,58
132,215,44,476,Yearling,female,Susceptible,9,381,502,58
132,212,45,476,Yearling,female,Susceptible,9,381,502,58
132,203,46,476,Yearling,female,Susceptible,9,381,502,58
132,197,47,476,Yearling,female,Susceptible,9,381,502,58
133,50,8,476,Yearling,female,Susceptible,2,368,332,51
133,45,9,476,Yearling,female,Susceptible,2,368,332,51
133,44,10,476,Yearling,female,Susceptible,2,368,332,51
133,41,11,476,Yearling,female,Susceptible,2,368,332,51
133,37,12,476,Yearling,female,Susceptible,2,368,332,51
133,36,13,476,Yearling,female,Susceptible,2,368,332,51
133,34,14,476,Yearling,female,Susceptible,2,368,332,51
133,25,15,476,Yearling,female,Susceptible,2,368,332,51
133,167,33,476,Yearling,female,Susceptible,7,292,283,53
133,159,34,476,Yearling,female,Susceptible,7,292,283,53
133,152,35,476,Yearling,female,Susceptible,7,292,283,53
133,148,36,476,Yearling,female,Susceptible,7,292,283,53
133,146,37,476,Yearling,female,Susceptible,7,292,283,53
133,237,48,476,Yearling,female,Susceptible,10,145,191,54
133,229,49,476,Yearling,female,Susceptible,10,145,191,54
133,227,50,476,Yearling,female,Susceptible,10,145,191,54
133,20,1,476,Yearling,female,Susceptible,1,422,485,56
133,19,2,476,Yearling,female,Susceptible,1,422,485,56
133,16,3,476,Yearling,female,Susceptible,1,422,485,56
133,14,4,476,Yearling,female,Susceptible,1,422,485,56
133,12,5,476,Yearling,female,Susceptible,1,422,485,56
133,10,6,476,Yearling,female,Susceptible,1,422,485,56
133,4,7,476,Yearling,female,Susceptible,1,422,485,56
133,185,38,476,Yearling,female,Susceptible,8,79,49,57
133,182,39,476,Yearling,female,Susceptible,8,79,49,57
133,177,40,476,Yearling,female,Susceptible,8,79,49,57
133,176,41,476,Yearling,female,Susceptible,8,79,49,57
133,223,42,476,Yearling,female,Susceptible,9,383,501,58
133,220,43,476,Yearling,female,Susceptible,9,383,501,58
133,215,44,476,Yearling,female,Susceptible,9,383,501,58
133,212,45,476,Yearling,female,Susceptible,9,383,501,58
133,203,46,476,Yearling,female,Susceptible,9,383,501,58
133,197,47,476,Yearling,female,Susceptible,9,383,501,58
134,50,8,476,Yearling,female,Susceptible,2,368,335,51
134,45,9,476,Yearling,female,Susceptible,2,368,335,51
134,44,10,476,Yearling,female,Susceptible,2,368,335,51
134,41,11,476,Yearling,female,Susceptible,2,368,335,51
134,37,12,476,Yearling,female,Susceptible,2,368,335,51
134,36,13,476,Yearling,female,Susceptible,2,368,335,51
134,34,14,476,Yearling,female,Susceptible,2,368,335,51
134,25,15,476,Yearling,female,Susceptible,2,368,335,51
134,167,33,476,Yearling,female,Susceptible,7,290,284,53
134,159,34,476,Yearling,female,Susceptible,7,290,284,53
134,152,35,476,Yearling,female,Susceptible,7,290,284,53
134,148,36,476,Yearling,female,Susceptible,7,290,284,53
134,146,37,476,Yearling,female,Susceptible,7,290,284,53
134,237,48,476,Yearling,female,Susceptible,10,141,191,54
134,229,49,476,Yearling,female,Susceptible,10,141,191,54
134,227,50,476,Yearling,female,Susceptible,10,141,191,54
134,20,1,476,Yearling,female,Susceptible,1,420,486,56
134,19,2,476,Yearling,female,Susceptible,1,420,486,56
134,16,3,476,Yearling,female,Susceptible,1,420,486,56
134,14,4,476,Yearling,female,Susceptible,1,420,486,56
134,12,5,476,Yearling,female,Susceptible,1,420,486,56
134,10,6,476,Yearling,female,Susceptible,1,420,486,56
134,4,7,476,Yearling,female,Susceptible,1,420,486,56
134,185,38,476,Yearling,female,Susceptible,8,84,54,57
134,182,39,476,Yearling,female,Susceptible,8,84,54,57
134,177,40,476,Yearling,female,Susceptible,8,84,54,57
134,176,41,476,Yearling,female,Susceptible,8,84,54,57
134,223,42,476,Yearling,female,Susceptible,9,379,500,58
134,220,43,476,Yearling,female,Susceptible,9,379,500,58
134,215,44,476,Yearling,female,Susceptible,9,379,500,58
134,212,45,476,Yearling,female,Susceptible,9,379,500,58
134,203,46,476,Yearling,female,Susceptible,9,379,500,58
134,197,47,476,Yearling,female,Susceptible,9,379,500,58
135,50,8,476,Yearling,female,Susceptible,2,374,341,51
135,45,9,476,Yearling,female,Susceptible,2,374,341,51
135,44,10,476,Yearling,female,Susceptible,2,374,341,51
135,41,11,476,Yearling,female,Susceptible,2,374,341,51
135,37,12,476,Yearling,female,Susceptible,2,374,341,51
135,36,13,476,Yearling,female,Susceptible,2,374,341,51
135,34,14,476,Yearling,female,Susceptible,2,374,341,51
135,25,15,476,Yearling,female,Susceptible,2,374,341,51
135,167,33,476,Yearling,female,Susceptible,7,290,287,53
135,159,34,476,Yearling,female,Susceptible,7,290,287,53
135,152,35,476,Yearling,female,Susceptible,7,290,287,53
135,148,36,476,Yearling,female,Susceptible,7,290,287,53
135,146,37,476,Yearling,female,Susceptible,7,290,287,53
135,237,48,476,Yearling,female,Susceptible,10,146,188,54
135,229,49,476,Yearling,female,Susceptible,10,146,188,54
135,227,50,476,Yearling,female,Susceptible,10,146,188,54
135,20,1,476,Yearling,female,Susceptible,1,421,483,56
135,19,2,476,Yearling,female,Susceptible,1,421,483,56
135,16,3,476,Yearling,female,Susceptible,1,421,483,56
135,14,4,476,Yearling,female,Susceptible,1,421,483,56
135,12,5,476,Yearling,female,Susceptible,1,421,483,56
135,10,6,476,Yearling,female,Susceptible,1,421,483,56
135,4,7,476,Yearling,female,Susceptible,1,421,483,56
135,185,38,476,Yearling,female,Susceptible,8,87,54,57
135,182,39,476,Yearling,female,Susceptible,8,87,54,57
135,177,40,476,Yearling,female,Susceptible,8,87,54,57
135,176,41,476,Yearling,female,Susceptible,8,87,54,57
135,223,42,476,Yearling,female,Susceptible,9,380,504,58
135,220,43,476,Yearling,female,Susceptible,9,380,504,58
135,215,44,476,Yearling,female,Susceptible,9,380,504,58
135,212,45,476,Yearling,female,Susceptible,9,380,504,58
135,203,46,476,Yearling,female,Susceptible,9,380,504,58
135,197,47,476,Yearling,female,Susceptible,9,380,504,58
136,50,8,476,Yearling,female,Susceptible,2,375,339,51
136,45,9,476,Yearling,female,Susceptible,2,375,339,51
136,44,10,476,Yearling,female,Susceptible,2,375,339,51
136,41,11,476,Yearling,female,Susceptible,2,375,339,51
136,37,12,476,Yearling,female,Susceptible,2,375,339,51
136,36,13,476,Yearling,female,Susceptible,2,375,339,51
136,34,14,476,Yearling,female,Susceptible,2,375,339,51
136,25,15,476,Yearling,female,Susceptible,2,375,339,51
136,167,33,476,Yearling,female,Susceptible,7,286,283,53
136,159,34,476,Yearling,female,Susceptible,7,286,283,53
136,152,35,476,Yearling,female,Susceptible,7,286,283,53
136,148,36,476,Yearling,female,Susceptible,7,286,283,53
136,146,37,476,Yearling,female,Susceptible,7,286,283,53
136,237,48,476,Yearling,female,Susceptible,10,146,183,54
136,229,49,476,Yearling,female,Susceptible,10,146,183,54
136,227,50,476,Yearling,female,Susceptible,10,146,183,54
136,20,1,476,Yearling,female,Susceptible,1,422,476,56
136,19,2,476,Yearling,female,Susceptible,1,422,476,56
136,16,3,476,Yearling,female,Susceptible,1,422,476,56
136,14,4,476,Yearling,female,Susceptible,1,422,476,56
136,12,5,476,Yearling,female,Susceptible,1,422,476,56
136,10,6,476,Yearling,female,Susceptible,1,422,476,56
136,4,7,476,Yearling,female,Susceptible,1,422,476,56
136,185,38,476,Yearling,female,Susceptible,8,90,59,57
136,182,39,476,Yearling,female,Susceptible,8,90,59,57
136,177,40,476,Yearling,female,Susceptible,8,90,59,57
136,176,41,476,Yearling,female,Susceptible,8,90,59,57
136,223,42,476,Yearling,female,Susceptible,9,379,499,58
136,220,43,476,Yearling,female,Susceptible,9,379,499,58
136,215,44,476,Yearling,female,Susceptible,9,379,499,58
136,212,45,476,Yearling,female,Susceptible,9,379,499,58
136,203,46,476,Yearling,female,Susceptible,9,379,499,58
136,197,47,476,Yearling,female,Susceptible,9,379,499,58
137,50,8,476,Yearling,female,Susceptible,2,380,340,51
137,45,9,476,Yearling,female,Susceptible,2,380,340,51
137,44,10,476,Yearling,female,Susceptible,2,380,340,51
137,41,11,476,Yearling,female,Susceptible,2,380,340,51
137,37,12,476,Yearling,female,Susceptible,2,380,340,51
137,36,13,476,Yearling,female,Susceptible,2,380,340,51
137,34,14,476,Yearling,female,Susceptible,2,380,340,51
137,25,15,476,Yearling,female,Susceptible,2,380,340,51
137,167,33,476,Yearling,female,Susceptible,7,281,276,53
137,159,34,476,Yearling,female,Susceptible,7,281,276,53
137,152,35,476,Yearling,female,Susceptible,7,281,276,53
137,148,36,476,Yearling,female,Susceptible,7,281,276,53
137,146,37,476,Yearling,female,Susceptible,7,281,276,53
137,237,48,476,Yearling,female,Susceptible,10,146,176,54
137,229,49,476,Yearling,female,Susceptible,10,146,176,54
137,227,50,476,Yearling,female,Susceptible,10,146,176,54
137,20,1,476,Yearling,female,Susceptible,1,422,476,56
137,19,2,476,Yearling,female,Susceptible,1,422,476,56
137,16,3,476,Yearling,female,Susceptible,1,422,476,56
137,14,4,476,Yearling,female,Susceptible,1,422,476,56
137,12,5,476,Yearling,female,Susceptible,1,422,476,56
137,10,6,476,Yearling,female,Susceptible,1,422,476,56
137,4,7,476,Yearling,female,Susceptible,1,422,476,56
137,185,38,476,Yearling,female,Susceptible,8,87,63,57
137,182,39,476,Yearling,female,Susceptible,8,87,63,57
137,177,40,476,Yearling,female,Susceptible,8,87,63,57
137,176,41,476,Yearling,female,Susceptible,8,87,63,57
137,223,42,476,Yearling,female,Susceptible,9,373,504,58
137,220,43,476,Yearling,female,Susceptible,9,373,504,58
137,215,44,476,Yearling,female,Susceptible,9,373,504,58
137,212,45,476,Yearling,female,Susceptible,9,373,504,58
137,203,46,476,Yearling,female,Susceptible,9,373,504,58
137,197,47,476,Yearling,female,Susceptible,9,373,504,58
138,50,8,476,Yearling,female,Susceptible,2,381,344,51
138,45,9,476,Yearling,female,Susceptible,2,381,344,51
138,44,10,476,Yearling,female,Susceptible,2,381,344,51
138,41,11,476,Yearling,female,Susceptible,2,381,344,51
138,37,12,476,Yearling,female,Susceptible,2,381,344,51
138,36,13,476,Yearling,female,Susceptible,2,381,344,51
138,34,14,476,Yearling,female,Susceptible,2,381,344,51
138,25,15,476,Yearling,female,Susceptible,2,381,344,51
138,167,33,476,Yearling,female,Susceptible,7,283,274,53
138,159,34,476,Yearling,female,Susceptible,7,283,274,53
138,152,35,476,Yearling,female,Susceptible,7,283,274,53
138,148,36,476,Yearling,female,Susceptible,7,283,274,53
138,146,37,476,Yearling,female,Susceptible,7,283,274,53
138,237,48,476,Yearling,female,Susceptible,10,146,174,54
138,229,49,476,Yearling,female,Susceptible,10,146,174,54
138,227,50,476,Yearling,female,Susceptible,10,146,174,54
138,20,1,476,Yearling,female,Susceptible,1,422,471,56
138,19,2,476,Yearling,female,Susceptible,1,422,471,56
138,16,3,476,Yearling,female,Susceptible,1,422,471,56
138,14,4,476,Yearling,female,Susceptible,1,422,471,56
138,12,5,476,Yearling,female,Susceptible,1,422,471,56
138,10,6,476,Yearling,female,Susceptible,1,422,471,56
138,4,7,476,Yearling,female,Susceptible,1,422,471,56
138,185,38,476,Yearling,female,Susceptible,8,93,64,57
138,182,39,476,Yearling,female,Susceptible,8,93,64,57
138,177,40,476,Yearling,female,Susceptible,8,93,64,57
138,176,41,476,Yearling,female,Susceptible,8,93,64,57
138,223,42,476,Yearling,female,Susceptible,9,368,499,58
138,220,43,476,Yearling,female,Susceptible,9,368,499,58
138,215,44,476,Yearling,female,Susceptible,9,368,499,58
138,212,45,476,Yearling,female,Susceptible,9,368,499,58
138,203,46,476,Yearling,female,Susceptible,9,368,499,58
138,197,47,476,Yearling,female,Susceptible,9,368,499,58
139,50,8,476,Yearling,female,Susceptible,2,386,344,51
139,45,9,476,Yearling,female,Susceptible,2,386,344,51
139,44,10,476,Yearling,female,Susceptible,2,386,344,51
139,41,11,476,Yearling,female,Susceptible,2,386,344,51
139,37,12,476,Yearling,female,Susceptible,2,386,344,51
139,36,13,476,Yearling,female,Susceptible,2,386,344,51
139,34,14,476,Yearling,female,Susceptible,2,386,344,51
139,25,15,476,Yearling,female,Susceptible,2,386,344,51
139,167,33,476,Yearling,female,Susceptible,7,279,267,53
139,159,34,476,Yearling,female,Susceptible,7,279,267,53
139,152,35,476,Yearling,female,Susceptible,7,279,267,53
139,148,36,476,Yearling,female,Susceptible,7,279,267,53
139,146,37,476,Yearling,female,Susceptible,7,279,267,53
139,237,48,476,Yearling,female,Susceptible,10,140,174,54
139,229,49,476,Yearling,female,Susceptible,10,140,174,54
139,227,50,476,Yearling,female,Susceptible,10,140,174,54
139,20,1,476,Yearling,female,Susceptible,1,426,467,56
139,19,2,476,Yearling,female,Susceptible,1,426,467,56
139,16,3,476,Yearling,female,Susceptible,1,426,467,56
139,14,4,476,Yearling,female,Susceptible,1,426,467,56
139,12,5,476,Yearling,female,Susceptible,1,426,467,56
139,10,6,476,Yearling,female,Susceptible,1,426,467,56
139,4,7,476,Yearling,female,Susceptible,1,426,467,56
139,185,38,476,Yearling,female,Susceptible,8,96,66,57
139,182,39,476,Yearling,female,Susceptible,8,96,66,57
139,177,40,476,Yearling,female,Susceptible,8,96,66,57
139,176,41,476,Yearling,female,Susceptible,8,96,66,57
139,223,42,476,Yearling,female,Susceptible,9,365,499,58
139,220,43,476,Yearling,female,Susceptible,9,365,499,58
139,215,44,476,Yearling,female,Susceptible,9,365,499,58
139,212,45,476,Yearling,female,Susceptible,9,365,499,58
139,203,46,476,Yearling,female,Susceptible,9,365,499,58
139,197,47,476,Yearling,female,Susceptible,9,365,499,58
140,50,8,476,Yearling,female,Susceptible,2,393,346,51
140,45,9,476,Yearling,female,Susceptible,2,393,346,51
140,44,10,476,Yearling,female,Susceptible,2,393,346,51
140,41,11,476,Yearling,female,Susceptible,2,393,346,51
140,37,12,476,Yearling,female,Susceptible,2,393,346,51
140,36,13,476,Yearling,female,Susceptible,2,393,346,51
140,34,14,476,Yearling,female,Susceptible,2,393,346,51
140,25,15,476,Yearling,female,Susceptible,2,393,346,51
140,167,33,476,Yearling,female,Susceptible,7,273,261,53
140,159,34,476,Yearling,female,Susceptible,7,273,261,53
140,152,35,476,Yearling,female,Susceptible,7,273,261,53
140,148,36,476,Yearling,female,Susceptible,7,273,261,53
140,146,37,476,Yearling,female,Susceptible,7,273,261,53
140,237,48,476,Yearling,female,Susceptible,10,144,170,54
140,229,49,476,Yearling,female,Susceptible,10,144,170,54
140,227,50,476,Yearling,female,Susceptible,10,144,170,54
140,20,1,476,Yearling,female,Susceptible,1,426,466,56
140,19,2,476,Yearling,female,Susceptible,1,426,466,56
140,16,3,476,Yearling,female,Susceptible,1,426,466,56
140,14,4,476,Yearling,female,Susceptible,1,426,466,56
140,12,5,476,Yearling,female,Susceptible,1,426,466,56
140,10,6,476,Yearling,female,Susceptible,1,426,466,56
140,4,7,476,Yearling,female,Susceptible,1,426,466,56
140,185,38,476,Yearling,female,Susceptible,8,94,68,57
140,182,39,476,Yearling,female,Susceptible,8,94,68,57
140,177,40,476,Yearling,female,Susceptible,8,94,68,57
140,176,41,476,Yearling,female,Susceptible,8,94,68,57
140,223,42,476,Yearling,female,Susceptible,9,364,500,58
140,220,43,476,Yearling,female,Susceptible,9,364,500,58
140,215,44,476,Yearling,female,Susceptible,9,364,500,58
140,212,45,476,Yearling,female,Susceptible,9,364,500,58
140,203,46,476,Yearling,female,Susceptible,9,364,500,58
140,197,47,476,Yearling,female,Susceptible,9,364,500,58
141,50,8,476,Yearling,female,Susceptible,2,392,348,51
141,45,9,476,Yearling,female,Susceptible,2,392,348,51
141,44,10,476,Yearling,female,Susceptible,2,392,348,51
141,41,11,476,Yearling,female,Susceptible,2,392,348,51
141,37,12,476,Yearling,female,Susceptible,2,392,348,51
141,36,13,476,Yearling,female,Susceptible,2,392,348,51
141,34,14,476,Yearling,female,Susceptible,2,392,348,51
141,25,15,476,Yearling,female,Susceptible,2,392,348,51
141,167,33,476,Yearling,female,Susceptible,7,271,260,53
141,159,34,476,Yearling,female,Susceptible,7,271,260,53
141,152,35,476,Yearling,female,Susceptible,7,271,260,53
141,148,36,476,Yearling,female,Susceptible,7,271,260,53
141,146,37,476,Yearling,female,Susceptible,7,271,260,53
141,237,48,476,Yearling,female,Susceptible,10,146,171,54
141,229,49,476,Yearling,female,Susceptible,10,146,171,54
141,227,50,476,Yearling,female,Susceptible,10,146,171,54
141,20,1,476,Yearling,female,Susceptible,1,425,463,56
141,19,2,476,Yearling,female,Susceptible,1,425,463,56
141,16,3,476,Yearling,female,Susceptible,1,425,463,56
141,14,4,476,Yearling,female,Susceptible,1,425,463,56
141,12,5,476,Yearling,female,Susceptible,1,425,463,56
141,10,6,476,Yearling,female,Susceptible,1,425,463,56
141,4,7,476,Yearling,female,Susceptible,1,425,463,56
141,185,38,476,Yearling,female,Susceptible,8,93,73,57
141,182,39,476,Yearling,female,Susceptible,8,93,73,57
141,177,40,476,Yearling,female,Susceptible,8,93,73,57
141,176,41,476,Yearling,female,Susceptible,8,93,73,57
141,223,42,476,Yearling,female,Susceptible,9,366,493,58
141,220,43,476,Yearling,female,Susceptible,9,366,493,58
141,215,44,476,Yearling,female,Susceptible,9,366,493,58
141,212,45,476,Yearling,female,Susceptible,9,366,493,58
141,203,46,476,Yearling,female,Susceptible,9,366,493,58
141,197,47,476,Yearling,female,Susceptible,9,366,493,58
142,50,8,476,Yearling,female,Susceptible,2,394,354,51
142,45,9,476,Yearling,female,Susceptible,2,394,354,51
142,44,10,476,Yearling,female,Susceptible,2,394,354,51
142,41,11,476,Yearling,female,Susceptible,2,394,354,51
142,37,12,476,Yearling,female,Susceptible,2,394,354,51
142,36,13,476,Yearling,female,Susceptible,2,394,354,51
142,34,14,476,Yearling,female,Susceptible,2,394,354,51
142,25,15,476,Yearling,female,Susceptible,2,394,354,51
142,167,33,476,Yearling,female,Susceptible,7,275,260,53
142,159,34,476,Yearling,female,Susceptible,7,275,260,53
142,152,35,476,Yearling,female,Susceptible,7,275,260,53
142,148,36,476,Yearling,female,Susceptible,7,275,260,53
142,146,37,476,Yearling,female,Susceptible,7,275,260,53
142,237,48,476,Yearling,female,Susceptible,10,142,174,54
142,229,49,476,Yearling,female,Susceptible,10,142,174,54
142,227,50,476,Yearling,female,Susceptible,10,142,174,54
142,20,1,476,Yearling,female,Susceptible,1,423,456,56
142,19,2,476,Yearling,female,Susceptible,1,423,456,56
142,16,3,476,Yearling,female,Susceptible,1,423,456,56
142,14,4,476,Yearling,female,Susceptible,1,423,456,56
142,12,5,476,Yearling,female,Susceptible,1,423,456,56
142,10,6,476,Yearling,female,Susceptible,1,423,456,56
142,4,7,476,Yearling,female,Susceptible,1,423,456,56
142,185,38,476,Yearling,female,Susceptible,8,93,73,57
142,182,39,476,Yearling,female,Susceptible,8,93,73,57
142,177,40,476,Yearling,female,Susceptible,8,93,73,57
142,176,41,476,Yearling,female,Susceptible,8,93,73,57
142,223,42,476,Yearling,female,Susceptible,9,373,489,58
142,220,43,476,Yearling,female,Susceptible,9,373,489,58
142,215,44,476,Yearling,female,Susceptible,9,373,489,58
142,212,45,476,Yearling,female,Susceptible,9,373,489,58
142,203,46,476,Yearling,female,Susceptible,9,373,489,58
142,197,47,476,Yearling,female,Susceptible,9,373,489,58
143,50,8,476,Yearling,female,Susceptible,2,394,358,51
143,45,9,476,Yearling,female,Susceptible,2,394,358,51
143,44,10,476,Yearling,female,Susceptible,2,394,358,51
143,41,11,476,Yearling,female,Susceptible,2,394,358,51
143,37,12,476,Yearling,female,Susceptible,2,394,358,51
143,36,13,476,Yearling,female,Susceptible,2,394,358,51
143,34,14,476,Yearling,female,Susceptible,2,394,358,51
143,25,15,476,Yearling,female,Susceptible,2,394,358,51
143,167,33,476,Yearling,female,Susceptible,7,276,261,53
143,159,34,476,Yearling,female,Susceptible,7,276,261,53
143,152,35,476,Yearling,female,Susceptible,7,276,261,53
143,148,36,476,Yearling,female,Susceptible,7,276,261,53
143,146,37,476,Yearling,female,Susceptible,7,276,261,53
143,237,48,476,Yearling,female,Susceptible,10,148,171,54
143,229,49,476,Yearling,female,Susceptible,10,148,171,54
143,227,50,476,Yearling,female,Susceptible,10,148,171,54
143,185,38,476,Yearling,female,Susceptible,8,93,75,57
143,182,39,476,Yearling,female,Susceptible,8,93,75,57
143,177,40,476,Yearling,female,Susceptible,8,93,75,57
143,176,41,476,Yearling,female,Susceptible,8,93,75,57
143,223,42,476,Yearling,female,Susceptible,9,376,487,58
143,220,43,476,Yearling,female,Susceptible,9,376,487,58
143,215,44,476,Yearling,female,Susceptible,9,376,487,58
143,212,45,476,Yearling,female,Susceptible,9,376,487,58
143,203,46,476,Yearling,female,Susceptible,9,376,487,58
143,197,47,476,Yearling,female,Susceptible,9,376,487,58
144,50,8,476,Yearling,female,Susceptible,2,398,361,51
144,45,9,476,Yearling,female,Susceptible,2,398,361,51
144,44,10,476,Yearling,female,Susceptible,2,398,361,51
144,41,11,476,Yearling,female,Susceptible,2,398,361,51
144,37,12,476,Yearling,female,Susceptible,2,398,361,51
144,36,13,476,Yearling,female,Susceptible,2,398,361,51
144,34,14,476,Yearling,female,Susceptible,2,398,361,51
144,25,15,476,Yearling,female,Susceptible,2,398,361,51
144,167,33,476,Yearling,female,Susceptible,7,276,259,53
144,159,34,476,Yearling,female,Susceptible,7,276,259,53
144,152,35,476,Yearling,female,Susceptible,7,276,259,53
144,148,36,476,Yearling,female,Susceptible,7,276,259,53
144,146,37,476,Yearling,female,Susceptible,7,276,259,53
144,237,48,476,Yearling,female,Susceptible,10,145,166,54
144,229,49,476,Yearling,female,Susceptible,10,145,166,54
144,227,50,476,Yearling,female,Susceptible,10,145,166,54
144,185,38,476,Yearling,female,Susceptible,8,93,84,57
144,182,39,476,Yearling,female,Susceptible,8,93,84,57
144,177,40,476,Yearling,female,Susceptible,8,93,84,57
144,176,41,476,Yearling,female,Susceptible,8,93,84,57
144,223,42,476,Yearling,female,Susceptible,9,379,484,58
144,220,43,476,Yearling,female,Susceptible,9,379,484,58
144,215,44,476,Yearling,female,Susceptible,9,379,484,58
144,212,45,476,Yearling,female,Susceptible,9,379,484,58
144,203,46,476,Yearling,female,Susceptible,9,379,484,58
144,197,47,476,Yearling,female,Susceptible,9,379,484,58
145,50,8,476,Yearling,female,Susceptible,2,401,367,51
145,45,9,476,Yearling,female,Susceptible,2,401,367,51
145,44,10,476,Yearling,female,Susceptible,2,401,367,51
145,41,11,476,Yearling,female,Susceptible,2,401,367,51
145,37,12,476,Yearling,female,Susceptible,2,401,367,51
145,36,13,476,Yearling,female,Susceptible,2,401,367,51
145,34,14,476,Yearling,female,Susceptible,2,401,367,51
145,25,15,476,Yearling,female,Susceptible,2,401,367,51
145,167,33,476,Yearling,female,Susceptible,7,273,254,53
145,159,34,476,Yearling,female,Susceptible,7,273,254,53
145,152,35,476,Yearling,female,Susceptible,7,273,254,53
145,148,36,476,Yearling,female,Susceptible,7,273,254,53
145,146,37,476,Yearling,female,Susceptible,7,273,254,53
145,237,48,476,Yearling,female,Susceptible,10,142,166,54
145,229,49,476,Yearling,female,Susceptible,10,142,166,54
145,227,50,476,Yearling,female,Susceptible,10,142,166,54
145,185,38,476,Yearling,female,Susceptible,8,93,85,57
145,182,39,476,Yearling,female,Susceptible,8,93,85,57
145,177,40,476,Yearling,female,Susceptible,8,93,85,57
145,176,41,476,Yearling,female,Susceptible,8,93,85,57
145,223,42,476,Yearling,female,Susceptible,9,378,479,58
145,220,43,476,Yearling,female,Susceptible,9,378,479,58
145,215,44,476,Yearling,female,Susceptible,9,378,479,58
145,212,45,476,Yearling,female,Susceptible,9,378,479,58
145,203,46,476,Yearling,female,Susceptible,9,378,479,58
145,197,47,476,Yearling,female,Susceptible,9,378,479,58
146,50,8,476,Yearling,female,Susceptible,2,400,368,51
146,45,9,476,Yearling,female,Susceptible,2,400,368,51
146,44,10,476,Yearling,female,Susceptible,2,400,368,51
146,41,11,476,Yearling,female,Susceptible,2,400,368,51
146,37,12,476,Yearling,female,Susceptible,2,400,368,51
146,36,13,476,Yearling,female,Susceptible,2,400,368,51
146,34,14,476,Yearling,female,Susceptible,2,400,368,51
146,25,15,476,Yearling,female,Susceptible,2,400,368,51
146,167,33,476,Yearling,female,Susceptible,7,279,253,53
146,159,34,476,Yearling,female,Susceptible,7,279,253,53
146,152,35,476,Yearling,female,Susceptible,7,279,253,53
146,148,36,476,Yearling,female,Susceptible,7,279,253,53
146,146,37,476,Yearling,female,Susceptible,7,279,253,53
146,237,48,476,Yearling,female,Susceptible,10,143,165,54
146,229,49,476,Yearling,female,Susceptible,10,143,165,54
146,227,50,476,Yearling,female,Susceptible,10,143,165,54
146,185,38,476,Yearling,female,Susceptible,8,90,88,57
146,182,39,476,Yearling,female,Susceptible,8,90,88,57
146,177,40,476,Yearling,female,Susceptible,8,90,88,57
146,176,41,476,Yearling,female,Susceptible,8,90,88,57
146,223,42,476,Yearling,female,Susceptible,9,380,474,58
146,220,43,476,Yearling,female,Susceptible,9,380,474,58
146,215,44,476,Yearling,female,Susceptible,9,380,474,58
146,212,45,476,Yearling,female,Susceptible,9,380,474,58
146,203,46,476,Yearling,female,Susceptible,9,380,474,58
146,197,47,476,Yearling,female,Susceptible,9,380,474,58
147,50,8,476,Yearling,female,Susceptible,2,401,368,51
147,45,9,476,Yearling,female,Susceptible,2,401,368,51
147,44,10,476,Yearling,female,Susceptible,2,401,368,51
147,41,11,476,Yearling,female,Susceptible,2,401,368,51
147,37,12,476,Yearling,female,Susceptible,2,401,368,51
147,36,13,476,Yearling,female,Susceptible,2,401,368,51
147,34,14,476,Yearling,female,Susceptible,2,401,368,51
147,25,15,476,Yearling,female,Susceptible,2,401,368,51
147,167,33,476,Yearling,female,Susceptible,7,278,248,53
147,159,34,476,Yearling,female,Susceptible,7,278,248,53
147,152,35,476,Yearling,female,Susceptible,7,278,248,53
147,148,36,476,Yearling,female,Susceptible,7,278,248,53
147,146,37,476,Yearling,female,Susceptible,7,278,248,53
147,237,48,476,Yearling,female,Susceptible,10,144,160,54
147,229,49,476,Yearling,female,Susceptible,10,144,160,54
147,227,50,476,Yearling,female,Susceptible,10,144,160,54
147,185,38,476,Yearling,female,Susceptible,8,93,90,57
147,182,39,476,Yearling,female,Susceptible,8,93,90,57
147,177,40,476,Yearling,female,Susceptible,8,93,90,57
147,176,41,476,Yearling,female,Susceptible,8,93,90,57
147,223,42,476,Yearling,female,Susceptible,9,379,474,58
147,220,43,476,Yearling,female,Susceptible,9,379,474,58
147,215,44,476,Yearling,female,Susceptible,9,379,474,58
147,212,45,476,Yearling,female,Susceptible,9,379,474,58
147,203,46,476,Yearling,female,Susceptible,9,379,474,58
147,197,47,476,Yearling,female,Susceptible,9,379,474,58
148,50,8,476,Yearling,female,Susceptible,2,401,365,51
148,45,9,476,Yearling,female,Susceptible,2,401,365,51
148,44,10,476,Yearling,female,Susceptible,2,401,365,51
148,41,11,476,Yearling,female,Susceptible,2,401,365,51
148,37,12,476,Yearling,female,Susceptible,2,401,365,51
148,36,13,476,Yearling,female,Susceptible,2,401,365,51
148,34,14,476,Yearling,female,Susceptible,2,401,365,51
148,25,15,476,Yearling,female,Susceptible,2,401,365,51
148,167,33,476,Yearling,female,Susceptible,7,273,246,53
148,159,34,476,Yearling,female,Susceptible,7,273,246,53
148,152,35,476,Yearling,female,Susceptible,7,273,246,53
148,148,36,476,Yearling,female,Susceptible,7,273,246,53
148,146,37,476,Yearling,female,Susceptible,7,273,246,53
148,237,48,476,Yearling,female,Susceptible,10,145,160,54
148,229,49,476,Yearling,female,Susceptible,10,145,160,54
148,227,50,476,Yearling,female,Susceptible,10,145,160,54
148,185,38,476,Yearling,female,Susceptible,8,92,96,57
148,182,39,476,Yearling,female,Susceptible,8,92,96,57
148,177,40,476,Yearling,female,Susceptible,8,92,96,57
148,176,41,476,Yearling,female,Susceptible,8,92,96,57
148,223,42,476,Yearling,female,Susceptible,9,383,472,58
148,220,43,476,Yearling,female,Susceptible,9,383,472,58
148,215,44,476,Yearling,female,Susceptible,9,383,472,58
148,212,45,476,Yearling,female,Susceptible,9,383,472,58
148,203,46,476,Yearling,female,Susceptible,9,383,472,58
148,197,47,476,Yearling,female,Susceptible,9,383,472,58
149,50,8,476,Yearling,female,Susceptible,2,399,369,51
149,45,9,476,Yearling,female,Susceptible,2,399,369,51
149,44,10,476,Yearling,female,Susceptible,2,399,369,51
149,41,11,476,Yearling,female,Susceptible,2,399,369,51
149,37,12,476,Yearling,female,Susceptible,2,399,369,51
149,36,13,476,Yearling,female,Susceptible,2,399,369,51
149,34,14,476,Yearling,female,Susceptible,2,399,369,51
149,25,15,476,Yearling,female,Susceptible,2,399,369,51
149,167,33,476,Yearling,female,Susceptible,7,277,246,53
149,159,34,476,Yearling,female,Susceptible,7,277,246,53
149,152,35,476,Yearling,female,Susceptible,7,277,246,53
149,148,36,476,Yearling,female,Susceptible,7,277,246,53
149,146,37,476,Yearling,female,Susceptible,7,277,246,53
149,237,48,476,Yearling,female,Susceptible,10,146,157,54
149,229,49,476,Yearling,female,Susceptible,10,146,157,54
149,227,50,476,Yearling,female,Susceptible,10,146,157,54
149,185,38,476,Yearling,female,Susceptible,8,96,97,57
149,182,39,476,Yearling,female,Susceptible,8,96,97,57
149,177,40,476,Yearling,female,Susceptible,8,96,97,57
149,176,41,476,Yearling,female,Susceptible,8,96,97,57
149,223,42,476,Yearling,female,Susceptible,9,382,468,58
149,220,43,476,Yearling,female,Susceptible,9,382,468,58
149,215,44,476,Yearling,female,Susceptible,9,382,468,58
149,212,45,476,Yearling,female,Susceptible,9,382,468,58
149,203,46,476,Yearling,female,Susceptible,9,382,468,58
149,197,47,476,Yearling,female,Susceptible,9,382,468,58
150,50,8,476,Yearling,female,Susceptible,2,401,372,51
150,45,9,476,Yearling,female,Susceptible,2,401,372,51
150,44,10,476,Yearling,female,Susceptible,2,401,372,51
150,41,11,476,Yearling,female,Susceptible,2,401,372,51
150,37,12,476,Yearling,female,Susceptible,2,401,372,51
150,36,13,476,Yearling,female,Susceptible,2,401,372,51
150,34,14,476,Yearling,female,Susceptible,2,401,372,51
150,25,15,476,Yearling,female,Susceptible,2,401,372,51
150,167,33,476,Yearling,female,Susceptible,7,271,244,53
150,159,34,476,Yearling,female,Susceptible,7,271,244,53
150,152,35,476,Yearling,female,Susceptible,7,271,244,53
150,148,36,476,Yearling,female,Susceptible,7,271,244,53
150,146,37,476,Yearling,female,Susceptible,7,271,244,53
150,237,48,476,Yearling,female,Susceptible,10,146,151,54
150,229,49,476,Yearling,female,Susceptible,10,146,151,54
150,227,50,476,Yearling,female,Susceptible,10,146,151,54
150,185,38,476,Yearling,female,Susceptible,8,98,104,57
150,182,39,476,Yearling,female,Susceptible,8,98,104,57
150,177,40,476,Yearling,female,Susceptible,8,98,104,57
150,176,41,476,Yearling,female,Susceptible,8,98,104,57
150,223,42,476,Yearling,female,Susceptible,9,389,463,58
150,220,43,476,Yearling,female,Susceptible,9,389,463,58
150,215,44,476,Yearling,female,Susceptible,9,389,463,58
150,212,45,476,Yearling,female,Susceptible,9,389,463,58
150,203,46,476,Yearling,female,Susceptible,9,389,463,58
150,197,47,476,Yearling,female,Susceptible,9,389,463,58
151,50,8,476,Yearling,female,Susceptible,2,401,376,51
151,45,9,476,Yearling,female,Susceptible,2,401,376,51
151,44,10,476,Yearling,female,Susceptible,2,401,376,51
151,41,11,476,Yearling,female,Susceptible,2,401,376,51
151,37,12,476,Yearling,female,Susceptible,2,401,376,51
151,36,13,476,Yearling,female,Susceptible,2,401,376,51
151,34,14,476,Yearling,female,Susceptible,2,401,376,51
151,25,15,476,Yearling,female,Susceptible,2,401,376,51
151,167,33,476,Yearling,female,Susceptible,7,270,243,53
151,159,34,476,Yearling,female,Susceptible,7,270,243,53
151,152,35,476,Yearling,female,Susceptible,7,270,243,53
151,148,36,476,Yearling,female,Susceptible,7,270,243,53
151,146,37,476,Yearling,female,Susceptible,7,270,243,53
151,237,48,476,Yearling,female,Susceptible,10,145,146,54
151,229,49,476,Yearling,female,Susceptible,10,145,146,54
151,227,50,476,Yearling,female,Susceptible,10,145,146,54
151,185,38,476,Yearling,female,Susceptible,8,100,102,57
151,182,39,476,Yearling,female,Susceptible,8,100,102,57
151,177,40,476,Yearling,female,Susceptible,8,100,102,57
151,176,41,476,Yearling,female,Susceptible,8,100,102,57
151,223,42,476,Yearling,female,Susceptible,9,395,456,58
151,220,43,476,Yearling,female,Susceptible,9,395,456,58
151,215,44,476,Yearling,female,Susceptible,9,395,456,58
151,212,45,476,Yearling,female,Susceptible,9,395,456,58
151,203,46,476,Yearling,female,Susceptible,9,395,456,58
151,197,47,476,Yearling,female,Susceptible,9,395,456,58
152,167,33,476,Yearling,female,Susceptible,7,265,244,53
152,159,34,476,Yearling,female,Susceptible,7,265,244,53
152,152,35,476,Yearling,female,Susceptible,7,265,244,53
152,148,36,476,Yearling,female,Susceptible,7,265,244,53
152,146,37,476,Yearling,female,Susceptible,7,265,244,53
152,237,48,476,Yearling,female,Susceptible,10,147,144,54
152,229,49,476,Yearling,female,Susceptible,10,147,144,54
152,227,50,476,Yearling,female,Susceptible,10,147,144,54
152,185,38,476,Yearling,female,Susceptible,8,97,106,57
152,182,39,476,Yearling,female,Susceptible,8,97,106,57
152,177,40,476,Yearling,female,Susceptible,8,97,106,57
152,176,41,476,Yearling,female,Susceptible,8,97,106,57
152,223,42,476,Yearling,female,Susceptible,9,395,455,58
152,220,43,476,Yearling,female,Susceptible,9,395,455,58
152,215,44,476,Yearling,female,Susceptible,9,395,455,58
152,212,45,476,Yearling,female,Susceptible,9,395,455,58
152,203,46,476,Yearling,female,Susceptible,9,395,455,58
152,197,47,476,Yearling,female,Susceptible,9,395,455,58
153,167,33,476,Yearling,female,Susceptible,7,262,244,53
153,159,34,476,Yearling,female,Susceptible,7,262,244,53
153,152,35,476,Yearling,female,Susceptible,7,262,244,53
153,148,36,476,Yearling,female,Susceptible,7,262,244,53
153,146,37,476,Yearling,female,Susceptible,7,262,244,53
153,237,48,476,Yearling,female,Susceptible,10,148,141,54
153,229,49,476,Yearling,female,Susceptible,10,148,141,54
153,227,50,476,Yearling,female,Susceptible,10,148,141,54
153,185,38,476,Yearling,female,Susceptible,8,94,110,57
153,182,39,476,Yearling,female,Susceptible,8,94,110,57
153,177,40,476,Yearling,female,Susceptible,8,94,110,57
153,176,41,476,Yearling,female,Susceptible,8,94,110,57
153,223,42,476,Yearling,female,Susceptible,9,400,455,58
153,220,43,476,Yearling,female,Susceptible,9,400,455,58
153,215,44,476,Yearling,female,Susceptible,9,400,455,58
153,212,45,476,Yearling,female,Susceptible,9,400,455,58
153,203,46,476,Yearling,female,Susceptible,9,400,455,58
153,197,47,476,Yearling,female,Susceptible,9,400,455,58
154,167,33,476,Yearling,female,Susceptible,7,261,244,53
154,159,34,476,Yearling,female,Susceptible,7,261,244,53
154,152,35,476,Yearling,female,Susceptible,7,261,244,53
154,148,36,476,Yearling,female,Susceptible,7,261,244,53
154,146,37,476,Yearling,female,Susceptible,7,261,244,53
154,237,48,476,Yearling,female,Susceptible,10,147,139,54
154,229,49,476,Yearling,female,Susceptible,10,147,139,54
154,227,50,476,Yearling,female,Susceptible,10,147,139,54
154,185,38,476,Yearling,female,Susceptible,8,93,114,57
154,182,39,476,Yearling,female,Susceptible,8,93,114,57
154,177,40,476,Yearling,female,Susceptible,8,93,114,57
154,176,41,476,Yearling,female,Susceptible,8,93,114,57
154,223,42,476,Yearling,female,Susceptible,9,399,456,58
154,220,43,476,Yearling,female,Susceptible,9,399,456,58
154,215,44,476,Yearling,female,Susceptible,9,399,456,58
154,212,45,476,Yearling,female,Susceptible,9,399,456,58
154,203,46,476,Yearling,female,Susceptible,9,399,456,58
154,197,47,476,Yearling,female,Susceptible,9,399,456,58
155,167,33,476,Yearling,female,Susceptible,7,263,243,53
155,159,34,476,Yearling,female,Susceptible,7,263,243,53
155,152,35,476,Yearling,female,Susceptible,7,263,243,53
155,148,36,476,Yearling,female,Susceptible,7,263,243,53
155,146,37,476,Yearling,female,Susceptible,7,263,243,53
155,237,48,476,Yearling,female,Susceptible,10,146,132,54
155,229,49,476,Yearling,female,Susceptible,10,146,132,54
155,227,50,476,Yearling,female,Susceptible,10,146,132,54
155,185,38,476,Yearling,female,Susceptible,8,95,118,57
155,182,39,476,Yearling,female,Susceptible,8,95,118,57
155,177,40,476,Yearling,female,Susceptible,8,95,118,57
155,176,41,476,Yearling,female,Susceptible,8,95,118,57
155,223,42,476,Yearling,female,Susceptible,9,398,461,58
155,220,43,476,Yearling,female,Susceptible,9,398,461,58
155,215,44,476,Yearling,female,Susceptible,9,398,461,58
155,212,45,476,Yearling,female,Susceptible,9,398,461,58
155,203,46,476,Yearling,female,Susceptible,9,398,461,58
155,197,47,476,Yearling,female,Susceptible,9,398,461,58
156,167,33,476,Yearling,female,Susceptible,7,261,244,53
156,159,34,476,Yearling,female,Susceptible,7,261,244,53
156,152,35,476,Yearling,female,Susceptible,7,261,244,53
156,148,36,476,Yearling,female,Susceptible,7,261,244,53
156,146,37,476,Yearling,female,Susceptible,7,261,244,53
156,237,48,476,Yearling,female,Susceptible,10,144,127,54
156,229,49,476,Yearling,female,Susceptible,10,144,127,54
156,227,50,476,Yearling,female,Susceptible,10,144,127,54
156,185,38,476,Yearling,female,Susceptible,8,94,116,57
156,182,39,476,Yearling,female,Susceptible,8,94,116,57
156,177,40,476,Yearling,female,Susceptible,8,94,116,57
156,176,41,476,Yearling,female,Susceptible,8,94,116,57
156,223,42,476,Yearling,female,Susceptible,9,403,462,58
156,220,43,476,Yearling,female,Susceptible,9,403,462,58
156,215,44,476,Yearling,female,Susceptible,9,403,462,58
156,212,45,476,Yearling,female,Susceptible,9,403,462,58
156,203,46,476,Yearling,female,Susceptible,9,403,462,58
156,197,47,476,Yearling,female,Susceptible,9,403,462,58
157,167,33,476,Yearling,female,Susceptible,7,254,244,53
157,159,34,476,Yearling,female,Susceptible,7,254,244,53
157,152,35,476,Yearling,female,Susceptible,7,254,244,53
157,148,36,476,Yearling,female,Susceptible,7,254,244,53
157,146,37,476,Yearling,female,Susceptible,7,254,244,53
157,237,48,476,Yearling,female,Susceptible,10,145,122,54
157,229,49,476,Yearling,female,Susceptible,10,145,122,54
157,227,50,476,Yearling,female,Susceptible,10,145,122,54
157,185,38,476,Yearling,female,Susceptible,8,95,118,57
157,182,39,476,Yearling,female,Susceptible,8,95,118,57
157,177,40,476,Yearling,female,Susceptible,8,95,118,57
157,176,41,476,Yearling,female,Susceptible,8,95,118,57
157,223,42,476,Yearling,female,Susceptible,9,408,460,58
157,220,43,476,Yearling,female,Susceptible,9,408,460,58
157,215,44,476,Yearling,female,Susceptible,9,408,460,58
157,212,45,476,Yearling,female,Susceptible,9,408,460,58
157,203,46,476,Yearling,female,Susceptible,9,408,460,58
157,197,47,476,Yearling,female,Susceptible,9,408,460,58
158,167,33,476,Yearling,female,Susceptible,7,254,244,53
158,159,34,476,Yearling,female,Susceptible,7,254,244,53
158,152,35,476,Yearling,female,Susceptible,7,254,244,53
158,148,36,476,Yearling,female,Susceptible,7,254,244,53
158,146,37,476,Yearling,female,Susceptible,7,254,244,53
158,237,48,476,Yearling,female,Susceptible,10,146,122,54
158,229,49,476,Yearling,female,Susceptible,10,146,122,54
158,227,50,476,Yearling,female,Susceptible,10,146,122,54
158,185,38,476,Yearling,female,Susceptible,8,95,126,57
158,182,39,476,Yearling,female,Susceptible,8,95,126,57
158,177,40,476,Yearling,female,Susceptible,8,95,126,57
158,176,41,476,Yearling,female,Susceptible,8,95,126,57
158,223,42,476,Yearling,female,Susceptible,9,413,457,58
158,220,43,476,Yearling,female,Susceptible,9,413,457,58
158,215,44,476,Yearling,female,Susceptible,9,413,457,58
158,212,45,476,Yearling,female,Susceptible,9,413,457,58
158,203,46,476,Yearling,female,Susceptible,9,413,457,58
158,197,47,476,Yearling,female,Susceptible,9,413,457,58
159,167,33,476,Yearling,female,Susceptible,7,251,244,53
159,159,34,476,Yearling,female,Susceptible,7,251,244,53
159,152,35,476,Yearling,female,Susceptible,7,251,244,53
159,148,36,476,Yearling,female,Susceptible,7,251,244,53
159,146,37,476,Yearling,female,Susceptible,7,251,244,53
159,237,48,476,Yearling,female,Susceptible,10,145,118,54
159,229,49,476,Yearling,female,Susceptible,10,145,118,54
159,227,50,476,Yearling,female,Susceptible,10,145,118,54
159,185,38,476,Yearling,female,Susceptible,8,94,130,57
159,182,39,476,Yearling,female,Susceptible,8,94,130,57
159,177,40,476,Yearling,female,Susceptible,8,94,130,57
159,176,41,476,Yearling,female,Susceptible,8,94,130,57
159,223,42,476,Yearling,female,Susceptible,9,420,454,58
159,220,43,476,Yearling,female,Susceptible,9,420,454,58
159,215,44,476,Yearling,female,Susceptible,9,420,454,58
159,212,45,476,Yearling,female,Susceptible,9,420,454,58
159,203,46,476,Yearling,female,Susceptible,9,420,454,58
159,197,47,476,Yearling,female,Susceptible,9,420,454,58
160,167,33,476,Yearling,female,Susceptible,7,252,245,53
160,159,34,476,Yearling,female,Susceptible,7,252,245,53
160,152,35,476,Yearling,female,Susceptible,7,252,245,53
160,148,36,476,Yearling,female,Susceptible,7,252,245,53
160,146,37,476,Yearling,female,Susceptible,7,252,245,53
160,185,38,476,Yearling,female,Susceptible,8,94,132,57
160,182,39,476,Yearling,female,Susceptible,8,94,132,57
160,177,40,476,Yearling,female,Susceptible,8,94,132,57
160,176,41,476,Yearling,female,Susceptible,8,94,132,57
160,223,42,476,Yearling,female,Susceptible,9,426,451,58
160,220,43,476,Yearling,female,Susceptible,9,426,451,58
160,215,44,476,Yearling,female,Susceptible,9,426,451,58
160,212,45,476,Yearling,female,Susceptible,9,426,451,58
160,203,46,476,Yearling,female,Susceptible,9,426,451,58
160,197,47,476,Yearling,female,Susceptible,9,426,451,58
161,167,33,476,Yearling,female,Susceptible,7,250,243,53
161,159,34,476,Yearling,female,Susceptible,7,250,243,53
161,152,35,476,Yearling,female,Susceptible,7,250,243,53
161,148,36,476,Yearling,female,Susceptible,7,250,243,53
161,146,37,476,Yearling,female,Susceptible,7,250,243,53
161,185,38,476,Yearling,female,Susceptible,8,95,133,57
161,182,39,476,Yearling,female,Susceptible,8,95,133,57
161,177,40,476,Yearling,female,Susceptible,8,95,133,57
161,176,41,476,Yearling,female,Susceptible,8,95,133,57
161,223,42,476,Yearling,female,Susceptible,9,428,449,58
161,220,43,476,Yearling,female,Susceptible,9,428,449,58
161,215,44,476,Yearling,female,Susceptible,9,428,449,58
161,212,45,476,Yearling,female,Susceptible,9,428,449,58
161,203,46,476,Yearling,female,Susceptible,9,428,449,58
161,197,47,476,Yearling,female,Susceptible,9,428,449,58
162,167,33,476,Yearling,female,Susceptible,7,249,246,53
162,159,34,476,Yearling,female,Susceptible,7,249,246,53
162,152,35,476,Yearling,female,Susceptible,7,249,246,53
162,148,36,476,Yearling,female,Susceptible,7,249,246,53
162,146,37,476,Yearling,female,Susceptible,7,249,246,53
162,185,38,476,Yearling,female,Susceptible,8,93,137,57
162,182,39,476,Yearling,female,Susceptible,8,93,137,57
162,177,40,476,Yearling,female,Susceptible,8,93,137,57
162,176,41,476,Yearling,female,Susceptible,8,93,137,57
162,223,42,476,Yearling,female,Susceptible,9,431,444,58
162,220,43,476,Yearling,female,Susceptible,9,431,444,58
162,215,44,476,Yearling,female,Susceptible,9,431,444,58
162,212,45,476,Yearling,female,Susceptible,9,431,444,58
162,203,46,476,Yearling,female,Susceptible,9,431,444,58
162,197,47,476,Yearling,female,Susceptible,9,431,444,58
163,167,33,476,Yearling,female,Susceptible,7,242,243,53
163,159,34,476,Yearling,female,Susceptible,7,242,243,53
163,152,35,476,Yearling,female,Susceptible,7,242,243,53
163,148,36,476,Yearling,female,Susceptible,7,242,243,53
163,146,37,476,Yearling,female,Susceptible,7,242,243,53
163,185,38,476,Yearling,female,Susceptible,8,95,135,57
163,182,39,476,Yearling,female,Susceptible,8,95,135,57
163,177,40,476,Yearling,female,Susceptible,8,95,135,57
163,176,41,476,Yearling,female,Susceptible,8,95,135,57
163,223,42,476,Yearling,female,Susceptible,9,433,439,58
163,220,43,476,Yearling,female,Susceptible,9,433,439,58
163,215,44,476,Yearling,female,Susceptible,9,433,439,58
163,212,45,476,Yearling,female,Susceptible,9,433,439,58
163,203,46,476,Yearling,female,Susceptible,9,433,439,58
163,197,47,476,Yearling,female,Susceptible,9,433,439,58
164,167,33,476,Yearling,female,Susceptible,7,235,246,53
164,159,34,476,Yearling,female,Susceptible,7,235,246,53
164,152,35,476,Yearling,female,Susceptible,7,235,246,53
164,148,36,476,Yearling,female,Susceptible,7,235,246,53
164,146,37,476,Yearling,female,Susceptible,7,235,246,53
164,185,38,476,Yearling,female,Susceptible,8,96,139,57
164,182,39,476,Yearling,female,Susceptible,8,96,139,57
164,177,40,476,Yearling,female,Susceptible,8,96,139,57
164,176,41,476,Yearling,female,Susceptible,8,96,139,57
164,223,42,476,Yearling,female,Susceptible,9,435,437,58
164,220,43,476,Yearling,female,Susceptible,9,435,437,58
164,215,44,476,Yearling,female,Susceptible,9,435,437,58
164,212,45,476,Yearling,female,Susceptible,9,435,437,58
164,203,46,476,Yearling,female,Susceptible,9,435,437,58
164,197,47,476,Yearling,female,Susceptible,9,435,437,58
165,167,33,476,Yearling,female,Susceptible,7,233,242,53
165,159,34,476,Yearling,female,Susceptible,7,233,242,53
165,152,35,476,Yearling,female,Susceptible,7,233,242,53
165,148,36,476,Yearling,female,Susceptible,7,233,242,53
165,146,37,476,Yearling,female,Susceptible,7,233,242,53
165,185,38,476,Yearling,female,Susceptible,8,93,141,57
165,182,39,476,Yearling,female,Susceptible,8,93,141,57
165,177,40,476,Yearling,female,Susceptible,8,93,141,57
165,176,41,476,Yearling,female,Susceptible,8,93,141,57
165,223,42,476,Yearling,female,Susceptible,9,436,431,58
165,220,43,476,Yearling,female,Susceptible,9,436,431,58
165,215,44,476,Yearling,female,Susceptible,9,436,431,58
165,212,45,476,Yearling,female,Susceptible,9,436,431,58
165,203,46,476,Yearling,female,Susceptible,9,436,431,58
165,197,47,476,Yearling,female,Susceptible,9,436,431,58
166,167,33,476,Yearling,female,Susceptible,7,234,242,53
166,159,34,476,Yearling,female,Susceptible,7,234,242,53
166,152,35,476,Yearling,female,Susceptible,7,234,242,53
166,148,36,476,Yearling,female,Susceptible,7,234,242,53
166,146,37,476,Yearling,female,Susceptible,7,234,242,53
166,185,38,476,Yearling,female,Susceptible,8,95,147,57
166,182,39,476,Yearling,female,Susceptible,8,95,147,57
166,177,40,476,Yearling,female,Susceptible,8,95,147,57
166,176,41,476,Yearling,female,Susceptible,8,95,147,57
166,223,42,476,Yearling,female,Susceptible,9,439,426,58
166,220,43,476,Yearling,female,Susceptible,9,439,426,58
166,215,44,476,Yearling,female,Susceptible,9,439,426,58
166,212,45,476,Yearling,female,Susceptible,9,439,426,58
166,203,46,476,Yearling,female,Susceptible,9,439,426,58
166,197,47,476,Yearling,female,Susceptible,9,439,426,58
167,185,38,476,Yearling,female,Susceptible,8,94,149,57
167,182,39,476,Yearling,female,Susceptible,8,94,149,57
167,177,40,476,Yearling,female,Susceptible,8,94,149,57
167,176,41,476,Yearling,female,Susceptible,8,94,149,57
167,223,42,476,Yearling,female,Susceptible,9,445,420,58
167,220,43,476,Yearling,female,Susceptible,9,445,420,58
167,215,44,476,Yearling,female,Susceptible,9,445,420,58
167,212,45,476,Yearling,female,Susceptible,9,445,420,58
167,203,46,476,Yearling,female,Susceptible,9,445,420,58
167,197,47,476,Yearling,female,Susceptible,9,445,420,58
168,185,38,476,Yearling,female,Susceptible,8,94,154,57
168,182,39,476,Yearling,female,Susceptible,8,94,154,57
168,177,40,476,Yearling,female,Susceptible,8,94,154,57
168,176,41,476,Yearling,female,Susceptible,8,94,154,57
168,223,42,476,Yearling,female,Susceptible,9,451,416,58
168,220,43,476,Yearling,female,Susceptible,9,451,416,58
168,215,44,476,Yearling,female,Susceptible,9,451,416,58
168,212,45,476,Yearling,female,Susceptible,9,451,416,58
168,203,46,476,Yearling,female,Susceptible,9,451,416,58
168,197,47,476,Yearling,female,Susceptible,9,451,416,58
169,185,38,476,Yearling,female,Susceptible,8,93,159,57
169,182,39,476,Yearling,female,Susceptible,8,93,159,57
169,177,40,476,Yearling,female,Susceptible,8,93,159,57
169,176,41,476,Yearling,female,Susceptible,8,93,159,57
169,223,42,476,Yearling,female,Susceptible,9,456,412,58
169,220,43,476,Yearling,female,Susceptible,9,456,412,58
169,215,44,476,Yearling,female,Susceptible,9,456,412,58
169,212,45,476,Yearling,female,Susceptible,9,456,412,58
169,203,46,476,Yearling,female,Susceptible,9,456,412,58
169,197,47,476,Yearling,female,Susceptible,9,456,412,58
170,185,38,476,Yearling,female,Susceptible,8,94,160,57
170,182,39,476,Yearling,female,Susceptible,8,94,160,57
170,177,40,476,Yearling,female,Susceptible,8,94,160,57
170,176,41,476,Yearling,female,Susceptible,8,94,160,57
170,223,42,476,Yearling,female,Susceptible,9,459,411,58
170,220,43,476,Yearling,female,Susceptible,9,459,411,58
170,215,44,476,Yearling,female,Susceptible,9,459,411,58
170,212,45,476,Yearling,female,Susceptible,9,459,411,58
170,203,46,476,Yearling,female,Susceptible,9,459,411,58
170,197,47,476,Yearling,female,Susceptible,9,459,411,58
171,223,42,476,Yearling,female,Susceptible,9,457,413,58
171,220,43,476,Yearling,female,Susceptible,9,457,413,58
171,215,44,476,Yearling,female,Susceptible,9,457,413,58
171,212,45,476,Yearling,female,Susceptible,9,457,413,58
171,203,46,476,Yearling,female,Susceptible,9,457,413,58
171,197,47,476,Yearling,female,Susceptible,9,457,413,58
172,223,42,476,Yearling,female,Susceptible,9,456,410,58
172,220,43,476,Yearling,female,Susceptible,9,456,410,58
172,215,44,476,Yearling,female,Susceptible,9,456,410,58
172,212,45,476,Yearling,female,Susceptible,9,456,410,58
172,203,46,476,Yearling,female,Susceptible,9,456,410,58
172,197,47,476,Yearling,female,Susceptible,9,456,410,58
173,223,42,476,Yearling,female,Susceptible,9,457,413,58
173,220,43,476,Yearling,female,Susceptible,9,457,413,58
173,215,44,476,Yearling,female,Susceptible,9,457,413,58
173,212,45,476,Yearling,female,Susceptible,9,457,413,58
173,203,46,476,Yearling,female,Susceptible,9,457,413,58
173,197,47,476,Yearling,female,Susceptible,9,457,413,58
174,223,42,476,Yearling,female,Susceptible,9,461,414,58
174,220,43,476,Yearling,female,Susceptible,9,461,414,58
174,215,44,476,Yearling,female,Susceptible,9,461,414,58
174,212,45,476,Yearling,female,Susceptible,9,461,414,58
174,203,46,476,Yearling,female,Susceptible,9,461,414,58
174,197,47,476,Yearling,female,Susceptible,9,461,414,58
175,223,42,476,Yearling,female,Susceptible,9,462,411,58
175,220,43,476,Yearling,female,Susceptible,9,462,411,58
175,215,44,476,Yearling,female,Susceptible,9,462,411,58
175,212,45,476,Yearling,female,Susceptible,9,462,411,58
175,203,46,476,Yearling,female,Susceptible,9,462,411,58
175,197,47,476,Yearling,female,Susceptible,9,462,411,58
176,223,42,476,Yearling,female,Susceptible,9,462,412,58
176,220,43,476,Yearling,female,Susceptible,9,462,412,58
176,215,44,476,Yearling,female,Susceptible,9,462,412,58
176,212,45,476,Yearling,female,Susceptible,9,462,412,58
176,203,46,476,Yearling,female,Susceptible,9,462,412,58
176,197,47,476,Yearling,female,Susceptible,9,462,412,58
177,223,42,476,Yearling,female,Susceptible,9,467,414,58
177,220,43,476,Yearling,female,Susceptible,9,467,414,58
177,215,44,476,Yearling,female,Susceptible,9,467,414,58
177,212,45,476,Yearling,female,Susceptible,9,467,414,58
177,203,46,476,Yearling,female,Susceptible,9,467,414,58
177,197,47,476,Yearling,female,Susceptible,9,467,414,58
